Invoice,StockCode,Description,Quantity,InvoiceDate,Price,Customer ID,Country
556039,21731,RED TOADSTOOL LED NIGHT LIGHT,12,2011-06-08 12:40:00,1.65,13001.0,United Kingdom
501853,21330,WOODLAND ANIMAL  WRITING SET ,1,2010-03-21 11:07:00,1.65,16782.0,United Kingdom
572704,20724,RED RETROSPOT CHARLOTTE BAG,39,2011-10-25 14:39:00,2.46,,United Kingdom
519024,21172,PARTY METAL SIGN ,1,2010-08-13 09:22:00,4.21,,United Kingdom
579832,23058,CHRISTMAS HANGING SNOWFLAKE,12,2011-11-30 15:58:00,0.79,17434.0,United Kingdom
536388,21523,DOORMAT FANCY FONT HOME SWEET HOME,2,2010-12-01 09:59:00,7.95,16250.0,United Kingdom
494013,20652,BLUE SPOTTY LUGGAGE TAG ,9,2010-01-11 09:32:00,0.87,,United Kingdom
581334,22756,LARGE YELLOW BABUSHKA NOTEBOOK ,1,2011-12-08 12:07:00,0.39,17841.0,United Kingdom
489615,84854,GIRLY PINK TOOL SET,1,2009-12-01 14:56:00,8.65,,United Kingdom
526405,90125D,PURPLE BERTIE GLASS BEAD BAG CHARM,2,2010-10-11 13:53:00,4.21,,United Kingdom
573137,22099,CARAVAN SQUARE TISSUE BOX,1,2011-10-27 17:15:00,2.46,,United Kingdom
503066,84050,PINK HEART SHAPE EGG FRYING PAN,12,2010-03-30 09:32:00,1.65,16570.0,United Kingdom
518076,22422,TOOTHPASTE TUBE PEN,6,2010-08-04 13:42:00,0.65,15456.0,United Kingdom
538349,22227,HANGING HEART MIRROR DECORATION ,6,2010-12-10 14:59:00,1.28,,United Kingdom
547569,21500,PINK POLKADOT WRAP ,25,2011-03-24 09:50:00,0.42,17491.0,United Kingdom
539955,22652,TRAVEL SEWING KIT,1,2010-12-23 12:13:00,4.21,,United Kingdom
581182,21128,GOLD FISHING GNOME,8,2011-12-07 15:56:00,1.95,12783.0,Portugal
513660,22636,CHILDS BREAKFAST SET CIRCUS PARADE,6,2010-06-28 10:30:00,8.5,17863.0,United Kingdom
571465,22246,MAGIC GARDEN FELT GARLAND ,1,2011-10-17 14:29:00,1.95,14830.0,United Kingdom
538507,22649,STRAWBERRY FAIRY CAKE TEAPOT,1,2010-12-12 13:26:00,4.95,15547.0,United Kingdom
560368,20668,DISCO BALL CHRISTMAS DECORATION,24,2011-07-18 12:25:00,0.12,17841.0,United Kingdom
579301,23269,SET OF 2 CERAMIC CHRISTMAS TREES,1,2011-11-29 11:32:00,1.45,18118.0,United Kingdom
500356,21248,DOOR HANGER  MUM + DADS ROOM,1,2010-03-07 15:34:00,1.45,16984.0,United Kingdom
549240,48138,DOORMAT UNION FLAG,1,2011-04-07 11:37:00,7.95,15910.0,United Kingdom
508964,21244,BLUE  SPOTTY PLATE ,8,2010-05-19 11:37:00,1.69,15738.0,United Kingdom
509916,20749,ASSORTED COLOUR MINI CASES,1,2010-05-26 11:46:00,7.95,14606.0,United Kingdom
557746,22362,GLASS JAR PEACOCK BATH SALTS,1,2011-06-22 12:24:00,2.95,15059.0,United Kingdom
566287,22992,REVOLVER WOODEN RULER ,2,2011-09-11 15:11:00,1.95,17218.0,United Kingdom
516314,21238,RED SPOTTY CUP,8,2010-07-19 14:31:00,0.85,12826.0,United Kingdom
568221,23118,PARISIENNE JEWELLERY DRAWER ,2,2011-09-26 10:05:00,7.5,14911.0,EIRE
495176,47590A,BLUE HAPPY BIRTHDAY BUNTING,4,2010-01-21 13:21:00,5.45,13623.0,United Kingdom
576653,20914,SET/5 RED RETROSPOT LID GLASS BOWLS,48,2011-11-16 10:45:00,2.55,14156.0,EIRE
576365,23517,EMBROIDERED RIBBON REEL REBECCA ,7,2011-11-14 17:55:00,6.95,,United Kingdom
503871,21535,RED RETROSPOT SMALL MILK JUG,1,2010-04-08 11:36:00,5.06,,United Kingdom
525456,22121,NOEL WOODEN BLOCK LETTERS ,3,2010-10-05 14:29:00,5.95,17758.0,United Kingdom
533948,20716,PARTY FOOD SHOPPER BAG,1,2010-11-19 12:09:00,1.25,17346.0,United Kingdom
514163,22341,LOVE GARLAND PAINTED ZINC ,3,2010-06-30 15:34:00,1.65,16283.0,United Kingdom
578155,22751,FELTCRAFT PRINCESS OLIVIA DOLL,1,2011-11-23 11:32:00,3.75,12748.0,United Kingdom
511507,20712,JUMBO BAG WOODLAND ANIMALS,4,2010-06-08 15:24:00,4.21,,United Kingdom
559055,22229,BUNNY WOODEN PAINTED WITH FLOWER ,2,2011-07-05 17:09:00,0.83,,United Kingdom
527492,21238,RED RETROSPOT CUP,2,2010-10-18 11:57:00,0.85,16395.0,United Kingdom
560239,85095,THREE CANVAS LUGGAGE TAGS,8,2011-07-17 11:50:00,1.95,13507.0,United Kingdom
507009,47566,PARTY BUNTING,1,2010-05-05 14:26:00,8.47,,United Kingdom
513050,22583,PACK OF 6 HANDBAG GIFT BOXES,1,2010-06-21 13:18:00,2.55,14493.0,United Kingdom
517055,85124A,PINK JUICY FRUIT PHOTO FRAME,6,2010-07-26 12:57:00,2.55,16558.0,United Kingdom
496445,22195,LARGE HEART MEASURING SPOONS,12,2010-02-01 13:59:00,1.65,13206.0,United Kingdom
573083,84687,BEACH HUT SHELF W 3 DRAWERS,2,2011-10-27 14:22:00,5.95,13735.0,United Kingdom
556636,23002,TRAVEL CARD WALLET SKULLS,1,2011-06-13 15:30:00,0.83,,United Kingdom
523146,21429,RED GINGHAM ROSE JEWELLERY BOX,8,2010-09-20 14:39:00,1.65,12455.0,Cyprus
548560,21533,RETROSPOT LARGE MILK JUG,6,2011-04-01 10:10:00,4.95,13468.0,United Kingdom
550938,22485,SET OF 2 WOODEN MARKET CRATES,2,2011-04-21 15:16:00,12.75,16019.0,United Kingdom
534257,21754,HOME BUILDING BLOCK WORD,2,2010-11-22 11:09:00,5.95,14419.0,United Kingdom
532297,48184,DOORMAT ENGLISH ROSE ,1,2010-11-11 13:50:00,7.95,13979.0,United Kingdom
499977,46000S,POLYESTER FILLER PAD 40x40cm,6,2010-03-03 15:13:00,1.45,14142.0,United Kingdom
566952,20777,CHRYSANTHEMUM NOTEBOOK,1,2011-09-15 16:37:00,1.63,,United Kingdom
495718,85049D,BRIGHT BLUES RIBBONS ,2,2010-01-26 14:25:00,1.25,16791.0,United Kingdom
550213,23053,RECYCLED ACAPULCO MAT PINK,1,2011-04-15 10:42:00,16.63,,United Kingdom
555815,22771,CLEAR DRAWER KNOB ACRYLIC EDWARDIAN,12,2011-06-07 11:47:00,1.25,13089.0,United Kingdom
503721,84795D,SEASIDE STRIPE HAMMOCK,1,2010-04-06 15:37:00,16.98,,United Kingdom
522464,22665,RECIPE BOX BLUE SKETCHBOOK DESIGN,1,2010-09-14 17:50:00,5.91,,United Kingdom
532964,22065,CHRISTMAS PUDDING TRINKET POT ,4,2010-11-15 12:43:00,1.45,15493.0,United Kingdom
532656,22575,METAL MERRY CHRISTMAS WREATH,8,2010-11-14 11:05:00,1.95,,France
542255,21535,RED RETROSPOT SMALL MILK JUG,1,2011-01-26 16:43:00,4.96,,United Kingdom
538064,21930,JUMBO STORAGE BAG SKULLS,2,2010-12-09 13:47:00,1.95,15271.0,United Kingdom
516197,22070,SMALL RED RETROSPOT MUG IN BOX ,1,2010-07-19 10:31:00,7.62,,United Kingdom
513607,85099C,JUMBO  BAG BAROQUE BLACK WHITE,100,2010-06-27 11:59:00,1.65,13802.0,United Kingdom
567043,22212,FOUR HOOK  WHITE LOVEBIRDS,4,2011-09-16 11:27:00,2.1,13268.0,United Kingdom
566495,84991,60 TEATIME FAIRY CAKE CASES,4,2011-09-13 11:14:00,0.55,15529.0,United Kingdom
572846,23083,SET 6 PAPER TABLE LANTERN STARS ,12,2011-10-26 12:14:00,3.75,14550.0,United Kingdom
577061,22746,POPPY'S PLAYHOUSE LIVINGROOM ,6,2011-11-17 14:40:00,2.1,14911.0,EIRE
558262,21481,FAWN BLUE HOT WATER BOTTLE,36,2011-06-28 08:45:00,2.55,14646.0,Netherlands
573822,23344,JUMBO BAG 50'S CHRISTMAS ,20,2011-11-01 11:33:00,2.08,15527.0,United Kingdom
500105,22072,TEA CUP AND SAUCER RETRO SPOT,2,2010-03-04 12:39:00,3.75,17287.0,United Kingdom
562213,23342,MINT DINER WALL CLOCK,1,2011-08-03 13:39:00,8.5,13975.0,United Kingdom
558916,47566,PARTY BUNTING,8,2011-07-05 09:33:00,4.95,16985.0,United Kingdom
534701,22726,ALARM CLOCK BAKELIKE GREEN,4,2010-11-23 16:08:00,3.75,15808.0,United Kingdom
513436,20829,GLITTER HANGING BUTTERFLY STRING,8,2010-06-24 14:05:00,2.1,13203.0,United Kingdom
558370,85132C,CHARLIE AND LOLA FIGURES TINS,8,2011-06-28 15:44:00,1.95,17750.0,United Kingdom
526868,22521,CHILDS GARDEN TROWEL PINK,3,2010-10-13 13:32:00,0.85,15016.0,United Kingdom
540533,85099C,JUMBO  BAG BAROQUE BLACK WHITE,3,2011-01-09 14:12:00,1.95,15005.0,United Kingdom
516752,22380,TOY TIDY SPACEBOY  ,1,2010-07-22 16:01:00,2.1,13031.0,United Kingdom
526210,75049L,LARGE CIRCULAR MIRROR MOBILE,12,2010-10-10 13:46:00,1.25,16466.0,United Kingdom
576617,84375,SET OF 20 KIDS COOKIE CUTTERS,3,2011-11-15 16:57:00,4.13,,United Kingdom
580675,23101,SILVER STARS TABLE DECORATION,12,2011-12-05 14:35:00,0.83,15640.0,United Kingdom
550157,85188A,GREEN METAL SWINGING BUNNY,1,2011-04-14 15:26:00,0.85,16393.0,United Kingdom
533750,20772,GARDEN PATH JOURNAL,2,2010-11-18 14:17:00,2.55,15571.0,United Kingdom
521647,22699,ROSES REGENCY TEACUP AND SAUCER ,1,2010-09-07 13:25:00,2.95,14606.0,United Kingdom
528382,47591B,SCOTTIES CHILDRENS APRON,1,2010-10-21 18:01:00,1.66,,United Kingdom
543821,22640,SET OF 4 NAPKIN CHARMS 3 KEYS ,6,2011-02-14 09:24:00,2.55,17667.0,United Kingdom
554355,22960,JAM MAKING SET WITH JARS,6,2011-05-24 09:20:00,4.25,16992.0,United Kingdom
511096,21498,RED SPOTS  WRAP ,25,2010-06-06 15:49:00,0.42,12682.0,France
568101,22952,60 CAKE CASES VINTAGE CHRISTMAS,24,2011-09-23 15:21:00,0.55,15978.0,United Kingdom
523340,22243,5 HOOK HANGER RED MAGIC TOADSTOOL,12,2010-09-21 15:36:00,1.65,12474.0,Germany
575070,20717,STRAWBERRY SHOPPER BAG,5,2011-11-08 12:58:00,1.25,17841.0,United Kingdom
538071,21210,SET OF 72 RETROSPOT PAPER  DOILIES,1,2010-12-09 14:09:00,2.98,,United Kingdom
569401,22112,CHOCOLATE HOT WATER BOTTLE,3,2011-10-04 08:56:00,4.95,15111.0,United Kingdom
575751,23320,GIANT 50'S CHRISTMAS CRACKER,24,2011-11-11 10:32:00,2.89,14911.0,EIRE
516306,22327,ROUND SNACK BOXES SET OF 4 SKULLS,18,2010-07-19 13:46:00,2.95,13178.0,United Kingdom
516918,22644,CERAMIC CHERRY CAKE MONEY BANK,12,2010-07-25 11:31:00,1.45,16075.0,United Kingdom
518157,21908,CHOCOLATE THIS WAY METAL SIGN,48,2010-08-05 09:35:00,1.85,13798.0,United Kingdom
535658,22365,DOORMAT RESPECTABLE HOUSE,1,2010-11-28 11:24:00,7.95,13542.0,United Kingdom
550470,21078,SET/20 STRAWBERRY PAPER NAPKINS ,2,2011-04-18 13:49:00,1.63,,United Kingdom
542231,22437,SET OF 9 BLACK SKULL BALLOONS,1,2011-01-26 13:40:00,0.85,16714.0,United Kingdom
541424,84459A,PINK METAL CHICKEN HEART ,1,2011-01-17 17:57:00,3.29,,United Kingdom
537666,22977,DOLLY GIRL CHILDRENS EGG CUP,1,2010-12-07 18:36:00,2.51,,United Kingdom
498114,21179,NO JUNK MAIL METAL SIGN,2,2010-02-16 14:32:00,1.25,15311.0,United Kingdom
490149,22060,LARGE CAKE STAND HANGING HEARTS,1,2009-12-04 09:43:00,21.7,,United Kingdom
521664,21466,RED FLOWER CROCHET FOOD COVER,2,2010-09-07 14:54:00,3.75,17611.0,United Kingdom
542423,22977,DOLLY GIRL CHILDRENS EGG CUP,48,2011-01-28 09:09:00,1.25,15057.0,United Kingdom
579196,21232,STRAWBERRY CERAMIC TRINKET POT,12,2011-11-28 15:54:00,2.46,14096.0,United Kingdom
564729,21212,PACK OF 72 RETROSPOT CAKE CASES,4,2011-08-28 12:44:00,0.55,13137.0,United Kingdom
572549,21942,SKULLS DESIGN FLANNEL,1,2011-10-24 17:03:00,1.63,,United Kingdom
513072,21755,LOVE BUILDING BLOCK WORD,1,2010-06-21 14:19:00,5.95,17137.0,United Kingdom
500327,21661,VINTAGE GLASS TEA CADDY,1,2010-03-07 12:35:00,5.95,17913.0,United Kingdom
569523,23513,EMBROIDERED RIBBON REEL SUSIE ,1,2011-10-04 14:41:00,2.08,16033.0,United Kingdom
560444,22411,JUMBO SHOPPER VINTAGE RED PAISLEY,5,2011-07-18 17:15:00,2.08,13764.0,United Kingdom
567878,22429,ENAMEL MEASURING JUG CREAM,1,2011-09-22 14:42:00,4.25,16910.0,United Kingdom
543097,22219,LOVEBIRD HANGING DECORATION WHITE ,3,2011-02-03 11:41:00,1.63,,United Kingdom
530424,22198,LARGE POPCORN HOLDER ,24,2010-11-03 09:51:00,1.65,14912.0,Italy
578901,22603,CHRISTMAS RETROSPOT TREE WOOD,5,2011-11-27 11:47:00,0.85,17812.0,United Kingdom
524409,22187,GREEN CHRISTMAS TREE CARD HOLDER,4,2010-09-29 09:46:00,4.25,12975.0,United Kingdom
535407,21041,RED RETROSPOT OVEN GLOVE DOUBLE,1,2010-11-26 11:20:00,5.91,,United Kingdom
541422,84012,MAGIC SHEEP WOOL GROWING FROM PAPER,1,2011-01-17 17:48:00,1.63,,United Kingdom
511055,22521,CHILDS GARDEN TROWEL PINK,3,2010-06-06 12:16:00,0.85,14415.0,United Kingdom
532953,22773,GREEN DRAWER KNOB ACRYLIC EDWARDIAN,1,2010-11-15 12:17:00,2.51,,United Kingdom
492953,48195,DOOR MAT GREEN PAISLEY ,2,2009-12-21 15:20:00,6.75,14505.0,United Kingdom
529132,22706,WRAP COWBOYS  ,25,2010-10-26 14:42:00,0.42,13157.0,United Kingdom
546976,72349b,SET/6 PURPLE BUTTERFLY T-LIGHTS,1,2011-03-18 12:08:00,4.13,,United Kingdom
511940,22112,CHOCOLATE HOT WATER BOTTLE,1,2010-06-11 12:15:00,4.95,17243.0,United Kingdom
516548,90087,CRYSTAL SEA HORSE PHONE CHARM,1,2010-07-21 12:11:00,1.66,,United Kingdom
491026,84029G,KNITTED UNION FLAG HOT WATER BOTTLE,48,2009-12-08 19:02:00,3.39,15181.0,United Kingdom
495058,85184C,S/4 VALENTINE DECOUPAGE HEART BOX,2,2010-01-20 15:30:00,2.95,17875.0,United Kingdom
576618,23294,SET OF 6 SNACK LOAF BAKING CASES,1,2011-11-15 17:00:00,2.46,,United Kingdom
522068,22117,METAL SIGN HER DINNER IS SERVED ,2,2010-09-10 17:19:00,2.95,16549.0,United Kingdom
529600,37370,RETRO COFFEE MUGS ASSORTED,12,2010-10-29 09:43:00,1.25,14194.0,United Kingdom
550890,22197,SMALL POPCORN HOLDER,100,2011-04-21 12:00:00,0.72,14711.0,United Kingdom
501137,22221,CAKE STAND LOVEBIRD 2 TIER PINK,12,2010-03-14 12:01:00,8.5,13802.0,United Kingdom
489667,85123A,WHITE HANGING HEART T-LIGHT HOLDER,32,2009-12-01 18:35:00,2.55,16563.0,United Kingdom
500583,20727,LUNCH BAG  BLACK SKULL.,10,2010-03-09 09:49:00,1.65,13178.0,United Kingdom
535902,22379,RECYCLING BAG RETROSPOT ,24,2010-11-29 11:24:00,1.85,17389.0,United Kingdom
494875,21165,BEWARE OF THE CAT METAL SIGN ,48,2010-01-19 12:31:00,1.45,17511.0,United Kingdom
541129,22318,FIVE HEART HANGING DECORATION,1,2011-01-14 10:14:00,5.79,,United Kingdom
491825,21204,DAISIES  HONEYCOMB GARLAND ,12,2009-12-14 14:02:00,1.65,13931.0,United Kingdom
547898,22384,LUNCH BAG PINK POLKADOT,20,2011-03-28 11:49:00,1.65,16523.0,United Kingdom
492241,22112,CHOCOLATE HOT WATER BOTTLE,3,2009-12-16 09:17:00,4.95,14769.0,United Kingdom
500093,22264,FELT FARM ANIMAL WHITE BUNNY ,1,2010-03-04 12:13:00,0.85,15910.0,United Kingdom
550474,22561,WOODEN SCHOOL COLOURING SET,1,2011-04-18 13:58:00,3.29,,United Kingdom
545417,85099C,JUMBO  BAG BAROQUE BLACK WHITE,10,2011-03-02 13:42:00,1.95,15622.0,United Kingdom
514097,22227,"DECORATION, HANGING HEART+MIRROR ",3,2010-06-30 12:27:00,1.28,,United Kingdom
565841,23103,JINGLE BELL HEART DECORATION,3,2011-09-07 12:04:00,3.29,,United Kingdom
497230,21384,IVORY HANGING DECORATION  BUTTERFLY,24,2010-02-08 09:22:00,0.85,17504.0,United Kingdom
580879,84879,ASSORTED COLOUR BIRD ORNAMENT,8,2011-12-06 12:18:00,1.69,17346.0,United Kingdom
530060,20725,LUNCH BAG RED RETROSPOT,4,2010-11-01 11:35:00,4.21,,United Kingdom
564837,21462,"NURSERY A,B,C PAINTED LETTERS",1,2011-08-30 12:40:00,13.29,,United Kingdom
564840,15036,ASSORTED COLOURS SILK FAN,21,2011-08-30 12:49:00,1.63,,United Kingdom
539750,21238,RED RETROSPOT CUP,1,2010-12-21 15:40:00,2.51,,United Kingdom
508360,21244,BLUE  SPOTTY PLATE ,2,2010-05-14 12:55:00,1.69,15723.0,United Kingdom
544311,22994,TRAVEL CARD WALLET RETROSPOT,1,2011-02-17 14:19:00,0.42,17841.0,United Kingdom
566557,21770,OPEN CLOSED METAL SIGN,36,2011-09-13 11:47:00,4.25,14646.0,Netherlands
526272,22568,FELTCRAFT CUSHION OWL,4,2010-10-11 11:32:00,3.75,16303.0,United Kingdom
559921,23301,GARDENERS KNEELING PAD KEEP CALM ,2,2011-07-13 15:42:00,1.65,13667.0,United Kingdom
576570,85114C,RED ENCHANTED FOREST PLACEMAT,6,2011-11-15 13:47:00,1.65,17220.0,United Kingdom
541406,84380,SET OF 3 BUTTERFLY COOKIE CUTTERS,3,2011-01-17 15:19:00,1.25,14657.0,United Kingdom
555108,23148,MINIATURE ANTIQUE ROSE HOOK IVORY,12,2011-05-31 14:18:00,0.83,18231.0,United Kingdom
555862,21928,JUMBO BAG SCANDINAVIAN BLUE PAISLEY,10,2011-06-07 14:28:00,2.08,12757.0,Portugal
573583,72802C,VANILLA SCENT CANDLE JEWELLED BOX,6,2011-10-31 14:29:00,4.25,14167.0,United Kingdom
529091,22372,AIRLINE BAG VINTAGE WORLD CHAMPION ,4,2010-10-26 13:37:00,4.25,12371.0,Switzerland
538641,21210,SET OF 72 RETROSPOT PAPER  DOILIES,24,2010-12-13 14:36:00,1.45,15640.0,United Kingdom
578347,22558,CLOTHES PEGS RETROSPOT PACK 24 ,2,2011-11-24 09:26:00,3.29,,United Kingdom
502869,21535,RETRO SPOT SMALL MILK JUG,1,2010-03-28 16:13:00,2.55,13113.0,United Kingdom
524595,37495,FAIRY CAKE BIRTHDAY CANDLE SET,4,2010-09-29 16:30:00,3.75,16490.0,United Kingdom
521397,85062,PEARL CRYSTAL PUMPKIN T-LIGHT HLDR,6,2010-09-05 16:02:00,1.65,16549.0,United Kingdom
580124,22153,ANGEL DECORATION STARS ON DRESS,48,2011-12-01 17:12:00,0.42,,EIRE
519607,90210C,RED   ACRYLIC FACETED BANGLE,1,2010-08-18 16:21:00,2.95,14505.0,United Kingdom
533338,21059,PARTY INVITES DINOSAURS,1,2010-11-16 18:18:00,1.66,,United Kingdom
513050,20767,BLUE PAISLEY JOURNAL ,1,2010-06-21 13:18:00,2.55,14493.0,United Kingdom
506394,48184,DOOR MAT ENGLISH ROSE ,10,2010-04-29 13:20:00,6.35,12349.0,Italy
541123,22399,MAGNETS PACK OF 4 CHILDHOOD MEMORY,12,2011-01-14 09:52:00,1.25,13385.0,United Kingdom
576837,22906,12 MESSAGE CARDS WITH ENVELOPES,2,2011-11-16 15:16:00,3.29,,United Kingdom
532953,20685,DOORMAT RED RETROSPOT,1,2010-11-15 12:17:00,14.43,,United Kingdom
499894,85135B,BLUE DRAGONFLY HELICOPTER,1,2010-03-03 11:40:00,7.95,14593.0,United Kingdom
536406,22803,IVORY EMBROIDERED QUILT ,2,2010-12-01 11:33:00,35.75,17850.0,United Kingdom
534859,21784,SHOE SHINE BOX ,1,2010-11-24 13:56:00,21.23,,United Kingdom
535656,84032A,CHARLIE+LOLA PINK HOT WATER BOTTLE,1,2010-11-28 11:19:00,2.95,16010.0,United Kingdom
576618,23116,VEGETABLE GARDEN CHOPPING BOARD,2,2011-11-15 17:00:00,10.79,,United Kingdom
580119,47591D,PINK FAIRY CAKE CHILDRENS APRON,1,2011-12-01 16:37:00,1.95,17920.0,United Kingdom
565801,22663,JUMBO BAG DOLLY GIRL DESIGN,10,2011-09-07 10:28:00,2.08,12685.0,France
525748,22741,FUNKY DIVA PEN,48,2010-10-07 09:31:00,0.85,12471.0,Germany
553134,23205,CHARLOTTE BAG ALPHABET  DESIGN,10,2011-05-13 12:50:00,0.85,15382.0,United Kingdom
525886,22910,PAPER CHAIN KIT VINTAGE CHRISTMAS,2,2010-10-07 14:48:00,2.95,12748.0,United Kingdom
498893,85099B,JUMBO BAG RED WHITE SPOTTY ,10,2010-02-23 13:22:00,1.95,14755.0,United Kingdom
544280,22973,CHILDREN'S CIRCUS PARADE MUG,12,2011-02-17 12:21:00,1.65,14754.0,United Kingdom
534392,22908,PACK OF 20 NAPKINS RED APPLES,24,2010-11-22 13:09:00,0.85,12633.0,Germany
567882,23190,BUNDLE OF 3 SCHOOL EXERCISE BOOKS  ,12,2011-09-22 15:03:00,1.65,12906.0,United Kingdom
499276,84270,ASSTD DESIGN BUBBLE GUM RING,30,2010-02-25 18:12:00,0.21,15456.0,United Kingdom
510626,22384,LUNCH BAG PINK RETROSPOT,10,2010-06-02 11:32:00,1.65,14961.0,United Kingdom
544160,21383,PACK OF 12 STICKY BUNNIES,48,2011-02-16 12:49:00,0.65,16494.0,United Kingdom
536401,22441,GROW YOUR OWN BASIL IN ENAMEL MUG,1,2010-12-01 11:21:00,2.1,15862.0,United Kingdom
532993,22304,COFFEE MUG BLUE PAISLEY DESIGN,36,2010-11-15 14:26:00,2.1,14156.0,EIRE
545897,22241,GARLAND WOODEN HAPPY EASTER,4,2011-03-07 17:22:00,2.46,,United Kingdom
528452,84949,SILVER HANGING T-LIGHT HOLDER,12,2010-10-22 11:26:00,1.65,14945.0,United Kingdom
521808,47592A,CAROUSEL CHILDRENS OVERALL,6,2010-09-08 14:32:00,2.1,18041.0,United Kingdom
542344,22602,RETROSPOT WOODEN HEART DECORATION,1,2011-01-27 11:30:00,1.63,,United Kingdom
554096,21675,BUTTERFLIES STICKERS,12,2011-05-22 12:51:00,0.85,14921.0,United Kingdom
533475,22855,FINE WICKER HEART ,4,2010-11-17 12:50:00,1.25,18109.0,United Kingdom
515907,21829,DINOSAUR KEYRINGS ASSORTED,36,2010-07-15 13:13:00,0.21,13564.0,United Kingdom
527655,85098B,BLUE FLYING SINGING CANARY,1,2010-10-18 14:07:00,3.75,13387.0,United Kingdom
537808,84559B,3D SHEET OF CAT STICKERS,2,2010-12-08 13:23:00,0.85,15311.0,United Kingdom
581433,22699,ROSES REGENCY TEACUP AND SAUCER ,6,2011-12-08 15:54:00,2.95,14911.0,EIRE
549524,22699,ROSES REGENCY TEACUP AND SAUCER ,1,2011-04-08 15:42:00,5.79,,United Kingdom
505332,22508,DOORSTOP RETROSPOT HEART,1,2010-04-21 12:43:00,3.75,15719.0,United Kingdom
508854,17084P,DRAGONS BLOOD INCENSE,1,2010-05-18 15:13:00,0.43,,United Kingdom
529888,79190B,RETRO PLASTIC POLKA TRAY,1,2010-10-31 14:06:00,0.42,16595.0,United Kingdom
560926,21993,FLORAL FOLK STATIONERY SET,2,2011-07-22 09:20:00,2.46,,United Kingdom
571714,85199S,SMALL HANGING IVORY/RED WOOD BIRD,1,2011-10-18 17:00:00,0.83,,United Kingdom
578289,21888,BINGO SET,1,2011-11-23 14:07:00,3.75,17841.0,United Kingdom
556636,15056N,EDWARDIAN PARASOL NATURAL,2,2011-06-13 15:30:00,12.46,,United Kingdom
575767,22555,PLASTERS IN TIN STRONGMAN,1,2011-11-11 11:11:00,1.65,17348.0,United Kingdom
504933,22131,FOOD CONTAINER SET 3 LOVE HEART ,3,2010-04-19 11:13:00,4.21,,United Kingdom
569133,47504K,ENGLISH ROSE GARDEN SECATEURS,12,2011-09-30 14:06:00,0.79,15185.0,United Kingdom
533160,22671,FRENCH LAUNDRY SIGN BLUE METAL,12,2010-11-16 14:09:00,1.65,14869.0,United Kingdom
577106,21787,RAIN PONCHO RETROSPOT,2,2011-11-17 17:18:00,0.85,14456.0,United Kingdom
529122,22626,BLACK KITCHEN SCALES,4,2010-10-26 14:12:00,8.5,17623.0,United Kingdom
527951,82613B,"METAL SIGN,CUPCAKE SINGLE HOOK",1,2010-10-19 15:36:00,2.51,,United Kingdom
569372,22725,ALARM CLOCK BAKELIKE CHOCOLATE,1,2011-10-03 16:04:00,7.46,,United Kingdom
505082,20728,LUNCH BAG CARS BLUE,10,2010-04-20 09:54:00,1.65,13995.0,United Kingdom
490272,20970,PINK FLORAL FELTCRAFT SHOULDER BAG,1,2009-12-04 12:36:00,3.75,14680.0,United Kingdom
540821,21030,SPACE CADET RED,2,2011-01-11 13:16:00,0.85,,United Kingdom
537638,22108,PING! MICROWAVE PLATE,1,2010-12-07 15:28:00,3.36,,United Kingdom
552864,20676,RED RETROSPOT BOWL,12,2011-05-11 17:13:00,1.25,13235.0,United Kingdom
490100,20940,SET/6 GARDEN GNOME T-LIGHT CANDLES,3,2009-12-03 16:21:00,2.95,13001.0,United Kingdom
521554,21658,GLASS  BEURRE DISH,8,2010-09-06 16:16:00,3.95,15489.0,United Kingdom
567311,84050,PINK HEART SHAPE EGG FRYING PAN,24,2011-09-19 13:45:00,1.65,13777.0,United Kingdom
535477,21428,SET3 BOOK BOX GREEN GINGHAM FLOWER ,1,2010-11-26 14:16:00,4.25,17888.0,United Kingdom
504868,21746,SMALL RED RETROSPOT WINDMILL,3,2010-04-18 12:31:00,1.25,13044.0,United Kingdom
494623,85129D,BEADED CRYSTAL HEART PINK SMALL,12,2010-01-15 15:27:00,1.25,15393.0,United Kingdom
531851,22371,AIRLINE BAG VINTAGE TOKYO 78,4,2010-11-10 09:52:00,4.25,14365.0,United Kingdom
513942,21943,CAKES AND RABBITS DESIGN FLANNEL ,1,2010-06-29 13:12:00,1.66,,United Kingdom
556964,23206,LUNCH BAG APPLE DESIGN,10,2011-06-16 09:46:00,1.65,16145.0,United Kingdom
570650,21166,COOK WITH WINE METAL SIGN ,3,2011-10-11 13:13:00,2.08,13263.0,United Kingdom
499770,85114B,IVORY ENCHANTED FOREST PLACEMAT,6,2010-03-02 13:25:00,1.65,15927.0,United Kingdom
580092,21463,MIRRORED DISCO BALL ,1,2011-12-01 14:38:00,5.95,13969.0,United Kingdom
546306,82482,WOODEN PICTURE FRAME WHITE FINISH,1,2011-03-10 16:16:00,4.96,,United Kingdom
570186,22654,DELUXE SEWING KIT ,3,2011-10-07 15:01:00,5.95,17509.0,United Kingdom
556056,23307,SET OF 60 PANTRY DESIGN CAKE CASES ,3,2011-06-08 13:35:00,0.55,17841.0,United Kingdom
555845,23003,TRAVEL CARD WALLET VINTAGE ROSE ,3,2011-06-07 13:19:00,0.42,17015.0,United Kingdom
540900,85049G,CHOCOLATE BOX RIBBONS ,12,2011-01-12 11:46:00,1.25,12712.0,Germany
530422,22421,LIPSTICK PEN FUSCHIA,1,2010-11-03 09:36:00,0.85,,United Kingdom
522912,21009,ETCHED GLASS STAR TREE DECORATION,12,2010-09-17 13:47:00,1.25,17289.0,United Kingdom
566937,22307,GOLD MUG BONE CHINA TREE OF LIFE,36,2011-09-15 15:44:00,1.06,12995.0,United Kingdom
524723,21098,CHRISTMAS TOILET ROLL,12,2010-09-30 13:57:00,1.25,16214.0,United Kingdom
559017,22573,STAR WOODEN CHRISTMAS DECORATION,9,2011-07-05 13:06:00,0.85,14034.0,United Kingdom
560225,21709,FOLDING UMBRELLA CHOCOLATE POLKADOT,1,2011-07-15 16:27:00,3.29,,United Kingdom
561901,22151,PLACE SETTING WHITE HEART,432,2011-07-31 15:42:00,0.42,14156.0,EIRE
549241,21937,STRAWBERRY   PICNIC BAG,2,2011-04-07 11:40:00,2.95,15719.0,United Kingdom
577490,22417,PACK OF 60 SPACEBOY CAKE CASES,3,2011-11-20 12:11:00,0.55,16464.0,United Kingdom
495955,22348,TEA BAG PLATE RED SPOTTY ,12,2010-01-28 09:09:00,0.85,14625.0,United Kingdom
547087,21121,SET/10 RED POLKADOT PARTY CANDLES,24,2011-03-20 15:58:00,1.25,12726.0,France
572903,23293,SET OF 12 FAIRY CAKE BAKING CASES,4,2011-10-26 15:17:00,0.83,17974.0,United Kingdom
497839,20960,WATERMELON BATH SPONGE,1,2010-02-12 15:24:00,1.25,17954.0,United Kingdom
542269,21108,FAIRY CAKE FLANNEL ASSORTED COLOUR,9,2011-01-27 09:33:00,2.55,14442.0,Channel Islands
532953,21162,TOXIC AREA  DOOR HANGER ,1,2010-11-15 12:17:00,3.36,,United Kingdom
510067,37448,CERAMIC CAKE DESIGN SPOTTED MUG,48,2010-05-27 11:05:00,1.25,13802.0,United Kingdom
525458,20754,RETROSPOT RED WASHING UP GLOVES,2,2010-10-05 14:45:00,4.21,,United Kingdom
547202,22475,SKULL DESIGN TV DINNER TRAY,1,2011-03-21 13:38:00,4.95,17841.0,United Kingdom
568058,23396,LA JARDIN BOTANIQUE CUSHION COVER,4,2011-09-23 12:58:00,3.75,18188.0,United Kingdom
537434,22144,CHRISTMAS CRAFT LITTLE FRIENDS,3,2010-12-06 16:57:00,4.21,,United Kingdom
530123,22456,NATURAL SLATE CHALKBOARD LARGE ,3,2010-11-01 15:05:00,4.95,13359.0,United Kingdom
581023,22114,HOT WATER BOTTLE TEA AND SYMPATHY,31,2011-12-07 10:35:00,8.29,,United Kingdom
537434,90161D,ANT COPPER PINK BOUDICCA BRACELET,2,2010-12-06 16:57:00,5.09,,United Kingdom
519251,71477,COLOUR GLASS. STAR T-LIGHT HOLDER,24,2010-08-15 15:20:00,2.75,17107.0,United Kingdom
580482,23407,SET OF 2 TRAYS HOME SWEET HOME,1,2011-12-04 12:44:00,9.95,16033.0,United Kingdom
524153,21929,JUMBO BAG PINK VINTAGE PAISLEY,9,2010-09-27 15:56:00,1.95,,United Kingdom
551650,84970S,HANGING HEART ZINC T-LIGHT HOLDER,24,2011-05-03 12:02:00,0.85,13089.0,United Kingdom
572063,85169B,BLACK LOVE BIRD CANDLE,1,2011-10-20 12:57:00,1.25,14606.0,United Kingdom
571041,21929,JUMBO BAG PINK VINTAGE PAISLEY,10,2011-10-13 13:00:00,2.08,14527.0,United Kingdom
574032,22736,RIBBON REEL MAKING SNOWMEN ,5,2011-11-02 12:37:00,1.65,17754.0,United Kingdom
563656,22507,MEMO BOARD RETROSPOT  DESIGN,4,2011-08-18 10:48:00,4.95,15615.0,United Kingdom
504916,85186A,EASTER BUNNY GARLAND OF FLOWERS,1,2010-04-19 10:28:00,0.81,,United Kingdom
568134,21803,CHRISTMAS TREE STAR DECORATION,3,2011-09-23 17:02:00,0.42,,United Kingdom
512120,85123A,WHITE HANGING HEART T-LIGHT HOLDER,2,2010-06-13 15:48:00,2.95,14581.0,United Kingdom
568408,84997d,CHILDRENS CUTLERY POLKADOT PINK,1,2011-09-27 10:40:00,8.29,,United Kingdom
494632,21539,RETRO SPOTS BUTTER DISH,3,2010-01-15 16:53:00,4.95,15633.0,United Kingdom
579430,22865,HAND WARMER OWL DESIGN,1,2011-11-29 13:06:00,2.1,12748.0,United Kingdom
564820,21179,NO JUNK MAIL METAL SIGN,1,2011-08-30 12:16:00,1.63,,United Kingdom
541500,20727,LUNCH BAG  BLACK SKULL.,10,2011-01-18 15:25:00,1.65,18041.0,United Kingdom
574684,23204,CHARLOTTE BAG APPLES DESIGN,10,2011-11-06 12:56:00,0.85,17581.0,United Kingdom
579941,23535,WALL ART BICYCLE SAFETY,4,2011-12-01 10:31:00,5.95,16496.0,United Kingdom
503426,21175,GIN + TONIC DIET METAL SIGN,1,2010-03-31 17:28:00,4.21,,United Kingdom
498728,22080,RIBBON REEL SPOTS DESIGN ,48,2010-02-22 15:39:00,1.65,13408.0,United Kingdom
502897,21528,DAIRY MAID TRADITIONAL TEAPOT ,1,2010-03-29 11:55:00,6.95,14527.0,United Kingdom
500721,21908,CHOCOLATE THIS WAY METAL SIGN,2,2010-03-09 15:22:00,2.1,17059.0,United Kingdom
502591,82583,HOT BATHS METAL SIGN,2,2010-03-25 12:54:00,2.1,17841.0,United Kingdom
576559,23143,ZINC WIRE KITCHEN ORGANISER,1,2011-11-15 13:19:00,10.4,14711.0,United Kingdom
503692,22112,CHOCOLATE HOT WATER BOTTLE,3,2010-04-06 12:43:00,4.95,13939.0,United Kingdom
540026,21993,FLORAL FOLK STATIONERY SET,1,2011-01-04 13:25:00,2.51,,United Kingdom
575943,47593B,SCOTTIE DOGS BABY BIB,12,2011-11-13 11:44:00,0.39,17920.0,United Kingdom
563209,22150,3 STRIPEY MICE FELTCRAFT,2,2011-08-14 12:23:00,1.95,13527.0,United Kingdom
559496,21989,PACK OF 20 SKULL PAPER NAPKINS,2,2011-07-08 13:54:00,1.63,,United Kingdom
535306,21704,BAG 250g SWIRLY MARBLES,2,2010-11-25 14:40:00,0.85,17882.0,United Kingdom
569898,23117,POPPY FIELDS CHOPPING BOARD,1,2011-10-06 16:08:00,10.79,,United Kingdom
575983,22579,WOODEN TREE CHRISTMAS SCANDINAVIAN,8,2011-11-13 13:45:00,0.29,13379.0,United Kingdom
564857,23199,JUMBO BAG APPLES,10,2011-08-31 09:23:00,4.13,,United Kingdom
529504,22670,FRENCH WC SIGN BLUE METAL,1,2010-10-28 14:19:00,2.51,,United Kingdom
572913,85071C,"CHARLIE+LOLA""EXTREMELY BUSY"" SIGN",5,2011-10-26 16:21:00,0.39,15993.0,United Kingdom
489612,21201,TROPICAL  HONEYCOMB PAPER GARLAND ,2,2009-12-01 14:55:00,5.17,,United Kingdom
568991,22731,3D CHRISTMAS STAMPS STICKERS ,2,2011-09-29 16:44:00,1.25,18204.0,United Kingdom
577512,23245,SET OF 3 REGENCY CAKE TINS,4,2011-11-20 12:55:00,4.95,12523.0,France
548191,22860,EASTER TIN CHICKS PINK DAISY,1,2011-03-29 15:20:00,3.29,,United Kingdom
574920,22083,PAPER CHAIN KIT RETROSPOT,6,2011-11-07 16:34:00,2.95,13985.0,United Kingdom
509196,21906,PHARMACIE FIRST AID TIN,4,2010-05-20 18:21:00,6.75,14671.0,United Kingdom
537405,21931,JUMBO STORAGE BAG SUKI,2,2010-12-06 14:51:00,1.95,17841.0,United Kingdom
573396,16238,PARTY TIME PENCIL ERASERS,3,2011-10-30 15:13:00,0.21,14723.0,United Kingdom
577235,23209,LUNCH BAG VINTAGE DOILY ,10,2011-11-18 12:09:00,1.65,14367.0,United Kingdom
550216,22653,BUTTON BOX ,10,2011-04-15 11:06:00,1.95,13516.0,United Kingdom
533358,85064,CREAM SWEETHEART LETTER RACK,2,2010-11-17 10:07:00,5.45,13237.0,United Kingdom
504332,21925,UNION STRIPE CUSHION COVER ,12,2010-04-12 16:30:00,1.25,12671.0,Germany
515353,90082A,DIAMANTE BOW BROOCH GREEN COLOUR,1,2010-07-12 10:54:00,6.79,,United Kingdom
494794,22189,CREAM HEART CARD HOLDER,8,2010-01-18 14:11:00,3.95,13037.0,United Kingdom
546850,22027,TEA PARTY BIRTHDAY CARD,12,2011-03-17 13:20:00,0.42,13268.0,United Kingdom
518774,22380,TOY TIDY SPACEBOY  ,1,2010-08-11 15:40:00,4.21,,United Kingdom
490308,21098,CHRISTMAS TOILET ROLL,2,2009-12-04 14:52:00,1.25,12835.0,United Kingdom
535407,84913A,SOFT PINK ROSE TOWEL ,1,2010-11-26 11:20:00,3.36,,United Kingdom
494586,22265,EASTER DECORATION NATURAL CHICK,8,2010-01-15 11:36:00,0.65,18106.0,United Kingdom
564374,23138,SINGLE WIRE HOOK IVORY HEART,12,2011-08-25 10:00:00,1.45,16589.0,United Kingdom
552543,22434,BALLOON PUMP WITH 10 BALLOONS,16,2011-05-10 10:22:00,1.95,12399.0,Belgium
523769,22577,WOODEN HEART CHRISTMAS SCANDINAVIAN,12,2010-09-24 10:48:00,0.85,17567.0,United Kingdom
565141,22429,ENAMEL MEASURING JUG CREAM,4,2011-09-01 13:40:00,4.25,17841.0,United Kingdom
578056,23191,BUNDLE OF 3 RETRO NOTE BOOKS,12,2011-11-22 15:04:00,1.65,16164.0,United Kingdom
543395,22692,DOORMAT WELCOME TO OUR HOME,2,2011-02-08 10:17:00,7.95,13534.0,United Kingdom
547888,21231,SWEETHEART CERAMIC TRINKET BOX,12,2011-03-28 09:59:00,1.25,13368.0,United Kingdom
538011,21164,HOME SWEET HOME METAL SIGN ,2,2010-12-09 12:24:00,2.95,14896.0,United Kingdom
540832,22943,CHRISTMAS LIGHTS 10 VINTAGE BAUBLES,1,2011-01-11 14:42:00,10.79,,United Kingdom
496400,22027,TEA PARTY BIRTHDAY CARD,12,2010-02-01 11:56:00,0.42,17365.0,United Kingdom
577022,21484,CHICK GREY HOT WATER BOTTLE,4,2011-11-17 12:42:00,4.25,13668.0,United Kingdom
579187,21258,VICTORIAN SEWING BOX LARGE,1,2011-11-28 15:31:00,24.96,,United Kingdom
580367,85039C,S/4 BLACK MINI ROSE CANDLE IN BOWL,1,2011-12-02 16:39:00,1.63,,United Kingdom
567043,82483,WOOD 2 DRAWER CABINET WHITE FINISH,2,2011-09-16 11:27:00,6.95,13268.0,United Kingdom
571418,20726,LUNCH BAG WOODLAND,1,2011-10-17 12:35:00,1.65,16412.0,United Kingdom
519214,22743,MAKE YOUR OWN FLOWERPOWER CARD KIT,6,2010-08-15 11:26:00,2.95,16043.0,United Kingdom
534319,22142,CHRISTMAS CRAFT WHITE FAIRY ,4,2010-11-22 11:37:00,3.36,,United Kingdom
563737,21034,REX CASH+CARRY JUMBO SHOPPER,1,2011-08-18 18:51:00,0.95,16261.0,United Kingdom
528159,84520B,PACK 20 ENGLISH ROSE PAPER NAPKINS,12,2010-10-21 07:48:00,0.85,13081.0,United Kingdom
558888,22896,PEG BAG APPLES DESIGN,1,2011-07-04 15:29:00,2.55,14056.0,United Kingdom
538558,21873,IF YOU CAN'T STAND THE HEAT MUG,36,2010-12-13 10:58:00,0.42,13069.0,United Kingdom
536409,72802C,VANILLA SCENT CANDLE JEWELLED BOX,1,2010-12-01 11:45:00,4.25,17908.0,United Kingdom
569897,23470,CARD HOLDER LOVE BIRD LARGE ,1,2011-10-06 16:01:00,6.25,17813.0,United Kingdom
523626,21084,SET/6 COLLAGE PAPER CUPS,12,2010-09-23 11:26:00,0.65,17735.0,United Kingdom
576906,23582,VINTAGE DOILY JUMBO BAG RED ,10,2011-11-17 09:33:00,2.08,18225.0,United Kingdom
489526,20718,RED SPOTTY SHOPPER BAG,10,2009-12-01 11:50:00,1.25,12533.0,Germany
555158,20977,36 PENCILS TUBE WOODLAND,16,2011-06-01 08:38:00,1.25,14842.0,United Kingdom
512554,21175,GIN + TONIC DIET METAL SIGN,2,2010-06-16 14:01:00,2.1,15005.0,United Kingdom
522708,20735,BLACK MINI TAPE MEASURE ,1,2010-09-16 11:32:00,0.85,18001.0,United Kingdom
513112,21466,RED FLOWER CROCHET FOOD COVER,3,2010-06-21 16:28:00,3.75,17338.0,United Kingdom
548699,84880,WHITE WIRE EGG HOLDER,1,2011-04-03 11:08:00,7.5,,United Kingdom
505314,20750,RED/WHITE DOT MINI CASES,2,2010-04-21 12:02:00,7.95,12681.0,France
537262,22365,DOORMAT RESPECTABLE HOUSE,1,2010-12-06 11:26:00,7.95,15039.0,United Kingdom
576695,23395,BELLE JARDINIERE CUSHION COVER,1,2011-11-16 12:25:00,3.75,16469.0,United Kingdom
494208,17003,BROCADE RING PURSE ,2,2010-01-12 11:33:00,0.21,17945.0,United Kingdom
564336,84032B,CHARLIE + LOLA RED HOT WATER BOTTLE,1,2011-08-24 14:28:00,2.95,12748.0,United Kingdom
569692,85099C,JUMBO  BAG BAROQUE BLACK WHITE,20,2011-10-05 15:17:00,2.08,14389.0,United Kingdom
534709,35961,FOLKART ZINC HEART CHRISTMAS DEC,1,2010-11-23 16:53:00,1.66,,United Kingdom
516892,22087,PAPER BUNTING WHITE LACE,3,2010-07-23 15:09:00,5.91,,United Kingdom
550313,22895,SET OF 2 TEA TOWELS APPLE AND PEARS,6,2011-04-17 11:21:00,3.25,12681.0,France
573576,20762,GREEN FERN SKETCHBOOK ,1,2011-10-31 14:09:00,7.46,14096.0,United Kingdom
557937,22219,LOVEBIRD HANGING DECORATION WHITE ,3,2011-06-23 15:30:00,1.63,,United Kingdom
508753,22409,TIN CAN BISCUITS DESIGN,12,2010-05-18 11:50:00,1.25,13018.0,United Kingdom
550499,22712,CARD DOLLY GIRL ,1,2011-04-18 15:16:00,0.83,,United Kingdom
563839,21907,I'M ON HOLIDAY METAL SIGN,12,2011-08-19 13:24:00,2.1,16828.0,United Kingdom
535665,21169,YOU'RE CONFUSING ME METAL SIGN ,4,2010-11-28 11:49:00,1.69,17085.0,United Kingdom
542103,20975,12 PENCILS SMALL TUBE RED RETROSPOT,24,2011-01-25 13:26:00,0.65,13198.0,United Kingdom
500918,21071,VINTAGE BILLBOARD DRINK ME MUG,1,2010-03-11 10:30:00,2.51,,United Kingdom
516287,20723,STRAWBERRY CHARLOTTE BAG,10,2010-07-19 12:53:00,0.85,13081.0,United Kingdom
517313,21135,VICTORIAN  METAL POSTCARD SPRING,8,2010-07-28 10:55:00,1.69,13126.0,United Kingdom
528625,17090A,LAVENDER INCENSE 40 CONES IN TIN,6,2010-10-24 10:56:00,1.25,17843.0,United Kingdom
564181,22315,200 RED + WHITE BENDY STRAWS,12,2011-08-23 14:53:00,1.25,13862.0,United Kingdom
526263,21667,GLASS CAKE COVER AND PLATE,1,2010-10-11 10:30:00,16.95,16086.0,United Kingdom
513774,22660,DOORMAT I LOVE LONDON,1,2010-06-28 13:53:00,7.49,12346.0,United Kingdom
515957,21754,HOME BUILDING BLOCK WORD,1,2010-07-15 20:05:00,5.95,17921.0,United Kingdom
499960,22288,"DECORATION , HANGING METAL RABBIT",24,2010-03-03 12:54:00,1.25,13294.0,United Kingdom
566482,85099C,JUMBO  BAG BAROQUE BLACK WHITE,10,2011-09-13 09:43:00,2.08,16609.0,United Kingdom
578074,23082,SET 6 PAPER TABLE LANTERN HEARTS ,2,2011-11-22 16:06:00,3.75,17590.0,United Kingdom
532953,22109,FULL ENGLISH BREAKFAST PLATE,1,2010-11-15 12:17:00,7.62,,United Kingdom
538183,22308,TEA COSY BLUE STRIPE,6,2010-12-10 10:21:00,2.55,16265.0,United Kingdom
548561,84949,SILVER HANGING T-LIGHT HOLDER,6,2011-04-01 10:11:00,1.65,16609.0,United Kingdom
511452,84685,BEACH HUT KEY CABINET,1,2010-06-08 12:44:00,7.62,,United Kingdom
501138,22219,LOVEBIRD HANGING DECORATION WHITE ,4,2010-03-14 12:05:00,0.85,14532.0,United Kingdom
577742,21098,CHRISTMAS TOILET ROLL,1,2011-11-21 13:41:00,1.25,13755.0,United Kingdom
511044,21172,PARTY METAL SIGN ,2,2010-06-06 11:26:00,1.45,16356.0,United Kingdom
547035,78033,FLAG OF ST GEORGE CHAIR,2,2011-03-20 10:33:00,5.95,13911.0,United Kingdom
550474,21407,BROWN CHECK CAT DOORSTOP ,1,2011-04-18 13:58:00,8.29,,United Kingdom
568676,22993,SET OF 4 PANTRY JELLY MOULDS,12,2011-09-28 13:43:00,1.25,18242.0,United Kingdom
566094,23393,HOME SWEET HOME CUSHION COVER ,3,2011-09-09 10:42:00,3.75,17965.0,United Kingdom
526403,22654,DELUXE SEWING KIT ,7,2010-10-11 13:49:00,5.91,,United Kingdom
526763,22236,CAKE STAND 3 TIER MAGIC GARDEN,2,2010-10-13 11:05:00,12.75,13792.0,United Kingdom
572755,22558,CLOTHES PEGS RETROSPOT PACK 24 ,2,2011-10-25 17:31:00,1.65,13601.0,United Kingdom
573340,23571,TRADITIONAL NAUGHTS & CROSSES,4,2011-10-30 11:55:00,1.65,14159.0,United Kingdom
501080,22510,DOORSTOP RUSSIAN DOLL GINGHAM,1,2010-03-12 11:19:00,7.62,,United Kingdom
563619,21164,HOME SWEET HOME METAL SIGN ,6,2011-08-18 10:01:00,2.95,12839.0,United Kingdom
576463,22328,ROUND SNACK BOXES SET OF 4 FRUITS ,1,2011-11-15 11:37:00,2.95,17974.0,United Kingdom
503774,22138,BAKING SET 9 PIECE RETROSPOT ,3,2010-04-07 11:04:00,4.95,14606.0,United Kingdom
579499,22469,HEART OF WICKER SMALL,24,2011-11-29 15:59:00,1.65,17682.0,United Kingdom
541695,85087,CANDY SPOT CUSHION COVER,2,2011-01-20 18:01:00,3.29,,United Kingdom
554543,84755,COLOUR GLASS T-LIGHT HOLDER HANGING,16,2011-05-25 09:18:00,0.65,16091.0,United Kingdom
515742,20984,12 PENCILS TALL TUBE POSY,12,2010-07-14 13:01:00,0.85,15332.0,Lithuania
562721,22845,VINTAGE CREAM CAT FOOD CONTAINER,2,2011-08-08 16:31:00,6.35,15985.0,United Kingdom
562955,23111,PARISIENNE SEWING BOX,1,2011-08-11 10:14:00,24.96,,United Kingdom
574481,23494,VINTAGE DOILY DELUXE SEWING KIT ,1,2011-11-04 12:45:00,5.95,18022.0,United Kingdom
562680,22663,JUMBO BAG DOLLY GIRL DESIGN,1,2011-08-08 13:46:00,2.08,17954.0,United Kingdom
568188,22097,SWALLOW SQUARE TISSUE BOX,2,2011-09-25 14:33:00,0.39,16049.0,United Kingdom
581585,16016,LARGE CHINESE STYLE SCISSOR,10,2011-12-09 12:31:00,0.85,15804.0,United Kingdom
562417,72799E,IVORY PILLAR CANDLE SILVER FLOCK,1,2011-08-04 16:32:00,3.29,,United Kingdom
531440,20973,12 PENCIL SMALL TUBE WOODLAND,5,2010-11-08 12:28:00,0.65,16470.0,United Kingdom
541695,84951B,SET OF 4 BLACK LOVEBIRD COASTERS,6,2011-01-20 18:01:00,1.63,,United Kingdom
528613,84992,72 SWEETHEART FAIRY CAKE CASES,1,2010-10-22 15:57:00,1.28,,United Kingdom
545188,21980,PACK OF 12 RED RETROSPOT TISSUES ,4,2011-02-28 15:19:00,0.29,14056.0,United Kingdom
529091,22818,CARD CHRISTMAS VILLAGE,12,2010-10-26 13:37:00,0.42,12371.0,Switzerland
491629,21976,PACK OF 60 MUSHROOM CAKE CASES,24,2009-12-11 14:37:00,0.55,14790.0,United Kingdom
581425,21132,SILVER STANDING GNOME   ,1,2011-12-08 15:31:00,1.25,14796.0,United Kingdom
536544,20856,DENIM PATCH PURSE PINK BUTTERFLY,6,2010-12-01 14:32:00,1.65,,United Kingdom
515327,21186,WHITE DOVE HONEYCOMB PAPER GARLAND,2,2010-07-11 12:59:00,1.65,13230.0,United Kingdom
508228,21165,BEWARE OF THE CAT METAL SIGN ,1,2010-05-13 16:49:00,4.21,,United Kingdom
491969,21985,PACK OF 12 HEARTS DESIGN TISSUES ,1,2009-12-14 17:57:00,0.83,,United Kingdom
538014,82486,WOOD S/3 CABINET ANT WHITE FINISH,6,2010-12-09 12:49:00,7.95,14440.0,United Kingdom
569866,23263,SET OF 3 WOODEN HEART DECORATIONS,1,2011-10-06 14:50:00,1.25,12757.0,Portugal
553009,23166,MEDIUM CERAMIC TOP STORAGE JAR,3,2011-05-12 16:52:00,1.25,13601.0,United Kingdom
547964,22084,PAPER CHAIN KIT EMPIRE,2,2011-03-28 15:45:00,5.79,,United Kingdom
579512,22261,FELT EGG COSY WHITE RABBIT ,1,2011-11-29 16:47:00,1.63,,United Kingdom
558046,22464,HANGING METAL HEART LANTERN,12,2011-06-24 13:47:00,1.65,,EIRE
524832,22593,CHRISTMAS GINGHAM STAR,12,2010-09-30 17:15:00,0.85,14568.0,Channel Islands
574056,21670,BLUE SPOT CERAMIC DRAWER KNOB,192,2011-11-02 14:09:00,1.25,14646.0,Netherlands
495682,21985,PACK OF 12 HEARTS DESIGN TISSUES ,12,2010-01-26 11:44:00,0.29,15002.0,United Kingdom
568868,22568,FELTCRAFT CUSHION OWL,4,2011-09-29 12:00:00,3.75,12957.0,United Kingdom
494147,22178,VICTORIAN GLASS HANGING T-LIGHT,3,2010-01-11 14:39:00,2.51,,United Kingdom
557956,23209,LUNCH BAG DOILEY PATTERN ,1,2011-06-23 19:20:00,1.65,18283.0,United Kingdom
565397,84987,SET OF 36 TEATIME PAPER DOILIES,2,2011-09-02 16:43:00,1.45,14171.0,United Kingdom
511637,21249,WOODLAND  HEIGHT CHART STICKERS ,6,2010-06-09 13:04:00,2.95,15298.0,United Kingdom
511095,85123A,WHITE HANGING HEART T-LIGHT HOLDER,32,2010-06-06 15:47:00,2.55,14249.0,United Kingdom
502251,48116,DOOR MAT MULTICOLOUR STRIPE,2,2010-03-23 14:22:00,7.49,13869.0,United Kingdom
504458,85098B,BLUE FLYING SINGING CANARY,1,2010-04-13 15:47:00,3.75,15982.0,United Kingdom
578025,21495,SKULLS AND CROSSBONES WRAP,200,2011-11-22 13:28:00,0.36,16722.0,United Kingdom
567095,23203,JUMBO BAG VINTAGE DOILY ,10,2011-09-16 13:03:00,2.08,17049.0,United Kingdom
500728,22250,DECORATION  BUTTERFLY  MAGIC GARDEN,16,2010-03-09 15:56:00,0.85,16756.0,United Kingdom
572304,23461,SWEETHEART BIRD HOUSE,6,2011-10-23 15:07:00,4.15,17131.0,United Kingdom
503265,21216,"SET 3 RED SPOT TIN TEA,COFFEE,SUGAR",5,2010-03-31 11:27:00,4.95,12835.0,United Kingdom
537160,21870,I CAN ONLY PLEASE ONE PERSON MUG,12,2010-12-05 13:18:00,1.25,14161.0,United Kingdom
566581,22086,PAPER CHAIN KIT 50'S CHRISTMAS ,2,2011-09-13 13:47:00,2.95,16081.0,United Kingdom
511070,22530,MAGIC DRAWING SLATE DOLLY GIRL ,6,2010-06-06 13:26:00,0.42,16340.0,United Kingdom
559039,84997a,CHILDRENS CUTLERY POLKADOT GREEN ,1,2011-07-05 15:32:00,8.29,,United Kingdom
546310,82486,WOOD S/3 CABINET ANT WHITE FINISH,12,2011-03-10 16:26:00,8.15,15291.0,United Kingdom
542381,21754,HOME BUILDING BLOCK WORD,3,2011-01-27 14:07:00,5.95,17213.0,United Kingdom
569372,22630,DOLLY GIRL LUNCH BOX,1,2011-10-03 16:04:00,4.13,,United Kingdom
510064,21165,BEWARE OF THE CAT METAL SIGN ,1,2010-05-27 10:56:00,4.21,,United Kingdom
557324,22572,ROCKING HORSE GREEN CHRISTMAS ,1,2011-06-20 09:41:00,1.63,,United Kingdom
535322,22692,DOORMAT WELCOME TO OUR HOME,1,2010-11-25 15:19:00,7.95,,United Kingdom
537817,22451,SILK PURSE BABUSHKA RED,6,2010-12-08 13:53:00,3.35,18269.0,United Kingdom
578347,22988,SOLDIERS EGG CUP ,9,2011-11-24 09:26:00,2.46,,United Kingdom
501545,21240,BLUE  SPOTTY CUP,40,2010-03-17 14:59:00,0.85,12709.0,Germany
540501,47504K,ENGLISH ROSE GARDEN SECATEURS,48,2011-01-09 10:43:00,0.85,13162.0,United Kingdom
546884,85039C,S/4 BLACK MINI ROSE CANDLE IN BOWL,1,2011-03-17 18:08:00,1.63,,United Kingdom
496247,20707,CRAZY DAISY HEART DECORATION,5,2010-01-29 16:11:00,1.25,,United Kingdom
522443,22077,6 RIBBONS RUSTIC CHARM,2,2010-09-14 14:30:00,1.65,15998.0,United Kingdom
534848,90128D,PURPLE LEAVES AND BEADS PHONE CHAR,1,2010-11-24 13:36:00,1.25,13623.0,United Kingdom
518138,85123A,WHITE HANGING HEART T-LIGHT HOLDER,2,2010-08-04 15:48:00,5.91,,United Kingdom
560772,22703,PINK CAT BOWL,1,2011-07-20 16:12:00,1.63,,United Kingdom
514184,21621,VINTAGE UNION JACK BUNTING,12,2010-06-30 15:52:00,8.5,13319.0,United Kingdom
537025,90145,SILVER HOOP EARRINGS WITH FLOWER,1,2010-12-03 16:21:00,5.95,,United Kingdom
525214,22085,PAPER CHAIN KIT SKULLS ,6,2010-10-04 12:45:00,2.95,14849.0,United Kingdom
497369,22411,JUMBO SHOPPER VINTAGE RED PAISLEY,20,2010-02-09 10:18:00,1.95,16746.0,United Kingdom
567854,22662,LUNCH BAG DOLLY GIRL DESIGN,10,2011-09-22 13:37:00,1.65,14038.0,United Kingdom
537638,DOT,DOTCOM POSTAGE,1,2010-12-07 15:28:00,836.14,,United Kingdom
513907,DOT,DOTCOM POSTAGE,1,2010-06-29 12:08:00,73.26,,United Kingdom
562378,21034,REX CASH+CARRY JUMBO SHOPPER,5,2011-08-04 15:07:00,0.95,15046.0,United Kingdom
523014,22078,RIBBON REEL LACE DESIGN ,1,2010-09-20 10:20:00,4.21,,United Kingdom
535415,22064,PINK DOUGHNUT TRINKET POT ,10,2010-11-26 11:36:00,1.65,16779.0,United Kingdom
502534,84802A,WHITE ANEMONE ARTIFICIAL FLOWER,6,2010-03-25 11:32:00,1.69,15547.0,United Kingdom
567653,22661,CHARLOTTE BAG DOLLY GIRL DESIGN,10,2011-09-21 14:35:00,0.85,12550.0,Spain
531782,22557,PLASTERS IN TIN VINTAGE PAISLEY ,1,2010-11-09 14:48:00,1.65,16021.0,United Kingdom
540704,21259,VICTORIAN SEWING BOX SMALL ,2,2011-01-11 10:04:00,5.95,17742.0,United Kingdom
559167,22063,CERAMIC BOWL WITH STRAWBERRY DESIGN,4,2011-07-06 16:54:00,2.95,17997.0,United Kingdom
579559,23493,VINTAGE DOILY TRAVEL SEWING KIT,1,2011-11-30 11:30:00,1.95,16764.0,United Kingdom
557644,20707,CRAZY DAISY HEART DECORATION,2,2011-06-21 17:06:00,0.83,,United Kingdom
506576,22124,SET OF 2 TEA TOWELS PING MICROWAVE,1,2010-04-30 13:41:00,2.51,,United Kingdom
490753,21485,RED SPOT HEART HOT WATER BOTTLE,3,2009-12-08 08:48:00,4.95,17047.0,United Kingdom
529720,21787,RAIN PONCHO RETROSPOT,24,2010-10-29 13:58:00,0.85,12705.0,Germany
558634,23283,DOORMAT VINTAGE LEAVES DESIGN ,2,2011-06-30 19:27:00,7.95,14506.0,United Kingdom
559923,21790,VINTAGE SNAP CARDS,1,2011-07-13 16:07:00,1.63,,United Kingdom
507624,21787,RAIN PONCHO WITH RED SPOTS,24,2010-05-10 14:34:00,0.85,16873.0,United Kingdom
514015,22423,REGENCY CAKESTAND 3 TIER,2,2010-06-30 10:23:00,12.75,13752.0,United Kingdom
574063,23426,METAL SIGN DROP YOUR PANTS,3,2011-11-02 14:31:00,2.89,13271.0,United Kingdom
491104,85014A,BLACK/BLUE DOTS RUFFLED UMBRELLA,48,2009-12-09 14:22:00,4.95,12917.0,United Kingdom
578548,23399,HOME SWEET HOME HANGING HEART,2,2011-11-24 15:02:00,0.85,17345.0,United Kingdom
559796,22557,PLASTERS IN TIN VINTAGE PAISLEY ,1,2011-07-12 13:30:00,3.29,,United Kingdom
527370,22812,PACK 3 BOXES CHRISTMAS PANNETONE,9,2010-10-17 11:58:00,1.95,14479.0,United Kingdom
534526,22045,SPACEBOY GIFT WRAP,25,2010-11-23 12:04:00,0.42,15384.0,United Kingdom
544598,22666,RECIPE BOX PANTRY YELLOW DESIGN,1,2011-02-21 18:10:00,5.79,,United Kingdom
542633,21989,PACK OF 20 SKULL PAPER NAPKINS,2,2011-01-31 10:31:00,1.63,,United Kingdom
510772,79191D,RETRO PLASTIC DAISY TRAY,2,2010-06-03 14:02:00,1.66,,United Kingdom
569000,21902,"KEY FOB , FRONT  DOOR ",24,2011-09-29 17:36:00,0.65,17015.0,United Kingdom
549525,51014L,"FEATHER PEN,LIGHT PINK",2,2011-04-08 15:44:00,1.63,,United Kingdom
491584,22244,"HOOK, 3 HANGER ,MAGIC GARDEN",4,2009-12-11 12:55:00,1.95,12854.0,United Kingdom
494479,21481,FAWN BLUE HOT WATER BOTTLE,2,2010-01-14 15:47:00,2.95,17032.0,United Kingdom
581496,22865,HAND WARMER OWL DESIGN,24,2011-12-09 10:20:00,2.1,16558.0,United Kingdom
522824,20724,RED SPOTTY CHARLOTTE BAG,10,2010-09-17 09:52:00,0.85,14110.0,United Kingdom
526114,46115B,GREEN POP ART MAO CUSHION COVER ,24,2010-10-08 13:16:00,0.19,14298.0,United Kingdom
508995,21750,LARGE SKULL WINDMILL,12,2010-05-19 12:47:00,2.1,15544.0,United Kingdom
524214,22557,PLASTERS IN TIN VINTAGE PAISLEY ,1,2010-09-28 10:49:00,1.65,17348.0,United Kingdom
577286,20978,36 PENCILS TUBE SKULLS,2,2011-11-18 12:39:00,1.25,14606.0,United Kingdom
563909,82483,WOOD 2 DRAWER CABINET WHITE FINISH,2,2011-08-21 12:36:00,6.95,15701.0,United Kingdom
548991,21067,VINTAGE RED TEATIME MUG,1,2011-04-05 13:48:00,1.25,16915.0,United Kingdom
525075,21843,RED RETROSPOT CAKE STAND,1,2010-10-03 15:24:00,10.95,16782.0,United Kingdom
557776,84755,COLOUR GLASS T-LIGHT HOLDER HANGING,32,2011-06-22 15:07:00,0.65,14422.0,United Kingdom
510483,85049D,BRIGHT BLUES RIBBONS ,2,2010-06-01 11:27:00,1.25,16960.0,United Kingdom
534244,22360,GLASS JAR ENGLISH CONFECTIONERY,6,2010-11-22 10:59:00,2.95,16972.0,United Kingdom
538518,21643,ASSORTED TUTTI FRUTTI MIRROR,4,2010-12-12 16:14:00,1.25,14505.0,United Kingdom
512435,90101,WHITE FRANGIPANI NECKLACE,1,2010-06-15 15:54:00,2.54,,United Kingdom
555937,21121,SET/10 RED POLKADOT PARTY CANDLES,24,2011-06-08 09:39:00,1.25,12683.0,France
529361,22179,SET 10 LIGHTS NIGHT OWL,1,2010-10-28 09:56:00,13.57,,United Kingdom
577938,23510,MINI PLAYING CARDS GYMKHANA,2,2011-11-22 12:07:00,0.42,15525.0,United Kingdom
548522,22665,RECIPE BOX BLUE SKETCHBOOK DESIGN,1,2011-03-31 16:43:00,5.79,,United Kingdom
523836,22625,RED KITCHEN SCALES,1,2010-09-24 12:05:00,8.5,17372.0,United Kingdom
544089,22539,MINI JIGSAW DOLLY GIRL,1,2011-02-15 17:51:00,0.83,,United Kingdom
533446,22423,REGENCY CAKESTAND 3 TIER,2,2010-11-17 11:38:00,12.75,13403.0,United Kingdom
529197,22752,SET 7 BABUSHKA NESTING BOXES,4,2010-10-27 09:18:00,8.5,12505.0,Italy
550292,84660C,PINK STITCHED WALL CLOCK,1,2011-04-15 15:31:00,3.75,14527.0,United Kingdom
556447,22570,FELTCRAFT CUSHION RABBIT,8,2011-06-10 15:37:00,3.75,15632.0,United Kingdom
522330,22551,PLASTERS IN TIN SPACEBOY,2,2010-09-13 17:25:00,1.65,17218.0,United Kingdom
540821,47504H,ENGLISH ROSE SPIRIT LEVEL ,2,2011-01-11 13:16:00,3.36,,United Kingdom
579777,23373,VINTAGE CHRISTMAS PAPER GIFT BAG,1,2011-11-30 15:13:00,1.63,,United Kingdom
576617,22470,HEART OF WICKER LARGE,3,2011-11-15 16:57:00,5.79,,United Kingdom
561367,22079,RIBBON REEL HEARTS DESIGN ,2,2011-07-26 15:46:00,2.46,,United Kingdom
528745,84978,HANGING HEART JAR T-LIGHT HOLDER,12,2010-10-24 14:35:00,1.25,14551.0,United Kingdom
505376,84212,"ASSORTED FLOWER COLOUR ""LEIS""",18,2010-04-21 17:33:00,0.65,16755.0,United Kingdom
503954,22375,AIRLINE BAG VINTAGE JET SET BROWN,4,2010-04-08 16:36:00,6.35,13999.0,United Kingdom
494931,75049L,LARGE CIRCULAR MIRROR MOBILE,12,2010-01-20 10:42:00,1.25,17920.0,United Kingdom
533341,22668,PINK BABY BUNTING,5,2010-11-16 18:30:00,2.95,14947.0,United Kingdom
574826,22951,60 CAKE CASES DOLLY GIRL DESIGN,1,2011-11-07 10:58:00,0.55,15870.0,United Kingdom
526192,17001,HEAVENS SCENT FRAGRANCE OILS ASSTD,36,2010-10-10 12:40:00,0.29,17518.0,United Kingdom
522968,22911,PAPER CHAIN KIT LONDON,3,2010-09-19 13:05:00,2.95,13137.0,United Kingdom
515609,22219,LOVEBIRD HANGING DECORATION WHITE ,4,2010-07-13 15:44:00,1.66,,United Kingdom
509637,22296,HEART IVORY TRELLIS LARGE,12,2010-05-25 10:41:00,1.65,14422.0,United Kingdom
510983,21240,BLUE  SPOTTY CUP,3,2010-06-04 12:23:00,1.66,,United Kingdom
522466,20719,WOODLAND CHARLOTTE BAG,10,2010-09-15 09:38:00,0.85,16748.0,United Kingdom
504217,85150,LADIES & GENTLEMEN METAL SIGN,12,2010-04-12 12:50:00,2.55,14844.0,United Kingdom
496445,21439,BASKET OF TOADSTOOLS,12,2010-02-01 13:59:00,1.25,13206.0,United Kingdom
532233,22600,CHRISTMAS RETROSPOT STAR WOOD,10,2010-11-11 12:40:00,0.85,13719.0,United Kingdom
534788,21217,RED RETROSPOT ROUND CAKE TINS,1,2010-11-24 11:25:00,9.95,16782.0,United Kingdom
569833,22508,DOORSTOP RETROSPOT HEART,4,2011-10-06 12:56:00,3.75,15306.0,United Kingdom
540681,84596L,BISCUITS SMALL BOWL LIGHT BLUE,3,2011-01-10 16:25:00,0.85,,United Kingdom
537131,84836,ZINC METAL HEART DECORATION,12,2010-12-05 12:26:00,1.25,15716.0,United Kingdom
578344,23174,REGENCY SUGAR BOWL GREEN,2,2011-11-24 09:21:00,8.29,,United Kingdom
497906,84378,SET OF 3 HEART COOKIE CUTTERS,24,2010-02-14 13:26:00,1.25,14156.0,EIRE
581241,22672,FRENCH BATHROOM SIGN BLUE METAL,12,2011-12-08 10:58:00,1.65,15520.0,United Kingdom
575628,82483,WOOD 2 DRAWER CABINET WHITE FINISH,2,2011-11-10 13:31:00,6.95,12844.0,United Kingdom
525714,85099C,JUMBO  BAG BAROQUE BLACK WHITE,100,2010-10-06 14:24:00,1.65,13629.0,United Kingdom
503067,22443,GROW YOUR OWN HERBS SET OF 3,4,2010-03-30 09:47:00,7.95,14911.0,EIRE
541516,22178,VICTORIAN GLASS HANGING T-LIGHT,15,2011-01-18 17:34:00,2.46,,United Kingdom
577053,84947,ANTIQUE SILVER TEA GLASS ENGRAVED,12,2011-11-17 14:17:00,1.25,13001.0,United Kingdom
562539,22604,SET OF 4 NAPKIN CHARMS CUTLERY,1,2011-08-05 15:30:00,2.55,17220.0,United Kingdom
516033,20719,WOODLAND CHARLOTTE BAG,10,2010-07-16 10:46:00,0.85,15981.0,United Kingdom
547069,22982,PANTRY PASTRY BRUSH,3,2011-03-20 13:52:00,1.25,16710.0,United Kingdom
561642,47566,PARTY BUNTING,3,2011-07-28 15:04:00,4.95,17965.0,United Kingdom
532426,22521,CHILDS GARDEN TROWEL PINK,1,2010-11-12 10:11:00,0.85,,United Kingdom
499474,22087,PAPER BUNTING WHITE LACE,3,2010-02-28 12:29:00,2.95,15421.0,United Kingdom
537645,22429,ENAMEL MEASURING JUG CREAM,2,2010-12-07 15:34:00,8.47,,United Kingdom
559359,84947,ANTIQUE SILVER TEA GLASS ENGRAVED,6,2011-07-07 19:18:00,1.25,14702.0,United Kingdom
577834,23079,TOADSTOOL BEDSIDE LIGHT ,2,2011-11-22 10:21:00,8.95,17528.0,United Kingdom
525072,22152,PLACE SETTING WHITE STAR,1,2010-10-03 14:50:00,0.42,16549.0,United Kingdom
490014,22138,BAKING SET 9 PIECE RETROSPOT ,2,2009-12-03 12:28:00,4.95,15466.0,United Kingdom
563557,23307,SET OF 60 PANTRY DESIGN CAKE CASES ,24,2011-08-17 13:33:00,0.55,15786.0,United Kingdom
495010,72750D,F.FAIRY S/3 CANDLE/GLASS,2,2010-01-20 12:35:00,5.95,15191.0,United Kingdom
551810,20711,JUMBO BAG TOYS ,1,2011-05-04 11:32:00,2.08,15719.0,United Kingdom
548612,22917,HERB MARKER ROSEMARY,6,2011-04-01 11:34:00,0.65,13137.0,United Kingdom
554514,22469,HEART OF WICKER SMALL,3,2011-05-24 15:58:00,1.65,,United Kingdom
569668,23409,PHOTO FRAME LINEN AND LACE LARGE,6,2011-10-05 13:47:00,3.75,16040.0,United Kingdom
572318,22581,WOOD STOCKING CHRISTMAS SCANDISPOT,1,2011-10-23 16:19:00,0.85,15436.0,United Kingdom
525429,79163,BLACK CHAMPAGNE GLASS,6,2010-10-05 13:11:00,1.65,15490.0,United Kingdom
531960,22715,CARD WEDDING DAY,12,2010-11-10 12:21:00,0.42,12876.0,Belgium
498886,22262,FELT EGG COSY CHICKEN,2,2010-02-23 13:03:00,0.85,15295.0,United Kingdom
562984,82567,"AIRLINE LOUNGE,METAL SIGN",7,2011-08-11 11:45:00,2.1,17841.0,United Kingdom
522609,22113,GREY HEART HOT WATER BOTTLE,1,2010-09-15 14:15:00,3.75,,United Kingdom
580632,22752,SET 7 BABUSHKA NESTING BOXES,2,2011-12-05 12:16:00,3.95,16360.0,United Kingdom
530437,20984,12 PENCILS TALL TUBE POSY,1,2010-11-03 11:13:00,0.85,15915.0,United Kingdom
568662,20724,RED RETROSPOT CHARLOTTE BAG,3,2011-09-28 12:36:00,0.85,16764.0,United Kingdom
578270,22725,ALARM CLOCK BAKELIKE CHOCOLATE,2,2011-11-23 13:39:00,7.46,14096.0,United Kingdom
580294,23354,6 GIFT TAGS 50'S CHRISTMAS ,7,2011-12-02 13:46:00,0.83,17364.0,United Kingdom
510064,21637,ASSORTED SANSKRIT MINI NOTEBOOK,1,2010-05-27 10:56:00,2.51,,United Kingdom
567189,22383,LUNCH BAG SUKI DESIGN ,10,2011-09-19 09:10:00,1.65,17069.0,United Kingdom
535995,21916,SET 12 RETRO WHITE CHALK STICKS,1,2010-11-29 13:50:00,0.42,15026.0,United Kingdom
536522,21810,CHRISTMAS HANGING STAR WITH BELL,1,2010-12-01 12:49:00,1.25,15012.0,United Kingdom
513016,71053,WHITE METAL LANTERN,4,2010-06-21 11:38:00,3.75,15039.0,United Kingdom
504160,22219,LOVEBIRD HANGING DECORATION WHITE ,2,2010-04-11 15:54:00,0.85,15555.0,United Kingdom
569862,23265,SET OF 3 WOODEN TREE DECORATIONS,5,2011-10-06 14:43:00,1.25,14518.0,United Kingdom
572077,22835,HOT WATER BOTTLE I AM SO POORLY,8,2011-10-20 14:09:00,4.95,15807.0,United Kingdom
524717,22946,WOODEN ADVENT CALENDAR CREAM,12,2010-09-30 13:30:00,12.75,13854.0,United Kingdom
495501,20685,RED SPOTTY COIR DOORMAT,1,2010-01-25 12:33:00,6.75,15719.0,United Kingdom
500891,21801,CHRISTMAS TREE DECORATION WITH BELL,1,2010-03-10 16:24:00,0.85,,United Kingdom
511471,82582,AREA PATROLLED METAL SIGN,1,2010-06-08 13:22:00,2.1,17449.0,United Kingdom
516019,21243,PINK  SPOTTY PLATE ,8,2010-07-16 10:22:00,1.69,17694.0,United Kingdom
526411,21314,SMALL GLASS HEART TRINKET POT,8,2010-10-11 14:05:00,2.1,15834.0,United Kingdom
549321,21398,RED POLKADOT COFFEE  MUG,48,2011-04-08 10:19:00,0.39,14243.0,United Kingdom
540848,84086C,PINK/PURPLE RETRO RADIO,1,2011-01-12 09:26:00,2.51,,United Kingdom
504552,22199,FRYING PAN RED POLKADOT ,4,2010-04-14 13:27:00,4.25,16105.0,United Kingdom
503428,21417,COCKLE SHELL DISH,1,2010-03-31 17:31:00,4.21,,United Kingdom
537434,22654,DELUXE SEWING KIT ,2,2010-12-06 16:57:00,11.87,,United Kingdom
501677,22232,JIGSAW TOADSTOOLS 3 PIECE,8,2010-03-18 16:16:00,1.65,12647.0,Germany
552286,84992,72 SWEETHEART FAIRY CAKE CASES,1,2011-05-08 13:07:00,0.55,16393.0,United Kingdom
516870,72586,"S/6 HALLOWEEN GHOST T LIGHTS, 5CM H",24,2010-07-23 12:32:00,0.42,14085.0,United Kingdom
555158,22743,MAKE YOUR OWN FLOWERPOWER CARD KIT,6,2011-06-01 08:38:00,2.95,14842.0,United Kingdom
540482,22066,LOVE HEART TRINKET POT,2,2011-01-07 15:48:00,1.45,14672.0,United Kingdom
562933,84796A,PINK HAWAIIAN PICNIC HAMPER FOR 2,1,2011-08-10 16:51:00,8.29,,United Kingdom
545845,23176,ABC TREASURE BOOK BOX ,1,2011-03-07 13:38:00,2.25,12754.0,Japan
499171,85206A,CREAM FELT EASTER EGG BASKET,6,2010-02-25 09:45:00,1.65,14006.0,United Kingdom
530562,22359,GLASS JAR KINGS CHOICE,1,2010-11-03 13:47:00,2.95,16012.0,United Kingdom
554809,23060,HEART BEADED TRELLIS DECORATION,6,2011-05-26 13:13:00,2.08,16838.0,United Kingdom
490087,21136,PAINTED METAL PEARS ASSORTED,8,2009-12-03 15:49:00,1.69,15601.0,United Kingdom
533311,22187,GREEN CHRISTMAS TREE CARD HOLDER,2,2010-11-16 17:03:00,4.25,16904.0,United Kingdom
525764,21332,MOROCCAN BEATEN METAL MIRROR,1,2010-10-07 10:39:00,12.75,12511.0,Greece
539434,22600,CHRISTMAS RETROSPOT STAR WOOD,1,2010-12-17 14:41:00,1.66,,United Kingdom
490074,21820,GLITTER HEART GARLAND WITH BELLS ,1,2009-12-03 14:39:00,7.78,,United Kingdom
491634,84032A,CHARLIE+LOLA PINK HOT WATER BOTTLE,1,2009-12-11 15:40:00,2.95,17841.0,United Kingdom
571214,22791,T-LIGHT GLASS FLUTED ANTIQUE,12,2011-10-14 12:56:00,1.25,14390.0,United Kingdom
549425,21069,VINTAGE BILLBOARD TEA MUG,6,2011-04-08 11:54:00,1.25,14030.0,United Kingdom
515353,90204,PAIR OF ENAMEL BUTTERFLY HAIRCLIP,1,2010-07-12 10:54:00,3.39,,United Kingdom
501515,48138,DOOR MAT UNION FLAG,3,2010-03-17 11:53:00,7.49,15867.0,United Kingdom
550637,22262,FELT EGG COSY CHICKEN,4,2011-04-19 15:39:00,0.85,14415.0,United Kingdom
515179,84991,60 TEATIME FAIRY CAKE CASES,3,2010-07-08 18:33:00,0.55,16032.0,United Kingdom
495070,21849,SILVER DIAMANTE PEN IN GIFT BOX,3,2010-01-20 17:50:00,2.51,,United Kingdom
573576,22737,RIBBON REEL CHRISTMAS PRESENT ,2,2011-10-31 14:09:00,3.29,14096.0,United Kingdom
514362,22497,SET OF 2 TINS VINTAGE BATHROOM ,4,2010-07-01 17:54:00,4.25,14154.0,United Kingdom
506135,85042,ANTIQUE LILY FAIRY LIGHTS,4,2010-04-27 15:21:00,4.95,15070.0,United Kingdom
526201,21186,WHITE DOVE HONEYCOMB PAPER GARLAND,12,2010-10-10 13:06:00,1.65,14820.0,United Kingdom
543997,20723,STRAWBERRY CHARLOTTE BAG,1,2011-02-15 10:49:00,0.85,17348.0,United Kingdom
559894,21232,STRAWBERRY CERAMIC TRINKET BOX,2,2011-07-13 12:06:00,1.25,14159.0,United Kingdom
527392,20971,PINK BLUE FELT CRAFT TRINKET BOX,1,2010-10-17 13:28:00,1.25,14044.0,United Kingdom
502977,21786,RAIN HAT WITH RED SPOTS,1,2010-03-29 14:54:00,0.81,,United Kingdom
555556,22386,JUMBO BAG PINK POLKADOT,4,2011-06-05 14:04:00,2.08,15704.0,United Kingdom
574898,21791,VINTAGE HEADS AND TAILS CARD GAME ,5,2011-11-07 15:07:00,1.25,16242.0,United Kingdom
555324,21078,SET/20 STRAWBERRY PAPER NAPKINS ,2,2011-06-02 11:02:00,2.46,,United Kingdom
534800,22385,JUMBO BAG SPACEBOY DESIGN,2,2010-11-24 12:04:00,1.95,17019.0,United Kingdom
533113,22652,TRAVEL SEWING KIT,1,2010-11-16 12:19:00,1.65,17852.0,United Kingdom
529888,21291,SMALL POLKADOT CHOCOLATE GIFT BAG ,16,2010-10-31 14:06:00,0.85,16595.0,United Kingdom
542893,22624,IVORY KITCHEN SCALES,2,2011-02-01 13:36:00,8.5,18202.0,United Kingdom
574249,23271,CHRISTMAS TABLE SILVER CANDLE SPIKE,8,2011-11-03 13:01:00,0.83,16347.0,United Kingdom
568343,84947,ANTIQUE SILVER TEA GLASS ENGRAVED,72,2011-09-26 15:13:00,1.06,16839.0,United Kingdom
492218,20726,LUNCH BAG WOODLAND,10,2009-12-15 17:31:00,1.65,15527.0,United Kingdom
493707,84520B,PACK 20 ENGLISH ROSE PAPER NAPKINS,24,2010-01-05 15:21:00,0.85,13965.0,United Kingdom
493706,84832,ZINC WILLIE WINKIE  CANDLE STICK,14,2010-01-05 14:32:00,0.85,15768.0,United Kingdom
533841,21359,RELAX LARGE WOOD LETTERS,1,2010-11-19 11:12:00,15.95,17269.0,United Kingdom
533278,85111,SILVER GLITTER FLOWER VOTIVE HOLDER,6,2010-11-16 15:24:00,1.25,13439.0,United Kingdom
536425,22644,CERAMIC CHERRY CAKE MONEY BANK,12,2010-12-01 12:08:00,1.45,13758.0,United Kingdom
504935,85041,SET/4 PINK ORCHID CANDLES IN BOWL,2,2010-04-19 11:19:00,3.36,,United Kingdom
495331,21723,ALPHABET HEARTS STICKER SHEET,10,2010-01-22 16:28:00,0.85,17799.0,United Kingdom
499850,21773,DECORATIVE ROSE BATHROOM BOTTLE,2,2010-03-02 16:36:00,1.25,13593.0,United Kingdom
574074,22422,TOOTHPASTE TUBE PEN,4,2011-11-02 15:33:00,1.25,,United Kingdom
552236,22090,PAPER BUNTING RETROSPOT,40,2011-05-06 16:29:00,2.55,16525.0,United Kingdom
557789,22908,PACK OF 20 NAPKINS RED APPLES,12,2011-06-22 16:32:00,0.85,12379.0,Belgium
510983,21746,SMALL RED RETROSPOT WINDMILL,4,2010-06-04 12:23:00,2.51,,United Kingdom
513188,22356,CHARLOTTE BAG PINK WITH WHITE SPOTS,10,2010-06-22 14:00:00,0.85,12724.0,France
535322,35598D,PINK/WHITE CHRISTMAS TREE 60CM,5,2010-11-25 15:19:00,2.51,,United Kingdom
514826,22077,6 RIBBONS RUSTIC CHARM,3,2010-07-06 13:13:00,1.65,14452.0,United Kingdom
517626,21160,KEEP OUT GIRLS DOOR HANGER ,1,2010-07-30 12:10:00,1.45,16428.0,United Kingdom
540977,21000,ROSE DU SUD COSMETICS BAG,2,2011-01-12 15:01:00,3.36,,United Kingdom
489856,84559A,3D SHEET OF DOG STICKERS,2,2009-12-02 14:36:00,1.73,,United Kingdom
550639,21935,SUKI  SHOULDER BAG,10,2011-04-19 15:46:00,1.65,14152.0,United Kingdom
579159,23695,DOILY THANK YOU CARD,12,2011-11-28 13:53:00,0.42,13196.0,United Kingdom
568668,84030E,ENGLISH ROSE HOT WATER BOTTLE,1,2011-09-28 13:00:00,4.25,15750.0,United Kingdom
570268,22585,PACK OF 6 BIRDY GIFT TAGS,60,2011-10-10 10:16:00,1.25,13098.0,United Kingdom
531162,21623,VINTAGE UNION JACK MEMOBOARD,1,2010-11-05 14:21:00,9.95,17841.0,United Kingdom
509440,21155,RED SPOTTY PEG BAG,6,2010-05-23 15:43:00,2.1,12921.0,United Kingdom
520906,21908,CHOCOLATE THIS WAY METAL SIGN,48,2010-09-01 10:30:00,1.85,17511.0,United Kingdom
575950,22065,CHRISTMAS PUDDING TRINKET POT ,2,2011-11-13 11:53:00,0.39,16983.0,United Kingdom
538071,84536B,FAIRY CAKES NOTEBOOK A7 SIZE,1,2010-12-09 14:09:00,0.85,,United Kingdom
551339,21974,SET OF 36 PAISLEY FLOWER DOILIES,2,2011-04-27 17:18:00,2.92,,United Kingdom
563532,21172,PARTY METAL SIGN ,96,2011-08-17 11:04:00,1.25,17511.0,United Kingdom
536634,21210,SET OF 72 RETROSPOT PAPER  DOILIES,2,2010-12-02 11:21:00,1.45,18041.0,United Kingdom
495363,46000S,POLYESTER FILLER PAD 40x40cm,4,2010-01-24 12:13:00,1.45,,United Kingdom
498389,84792,ENCHANTED BIRD COATHANGER 5 HOOK,1,2010-02-18 14:43:00,4.65,14606.0,United Kingdom
499487,82583,HOT BATHS METAL SIGN,6,2010-02-28 13:42:00,2.1,13561.0,United Kingdom
559337,22609,PENS ASSORTED SPACEBALL,6,2011-07-07 16:27:00,0.42,,United Kingdom
546669,22293,HANGING CHICK GREEN DECORATION,24,2011-03-15 15:36:00,1.45,14226.0,United Kingdom
541423,21849,SILVER DIAMANTE PEN IN GIFT BOX,3,2011-01-17 17:54:00,1.63,,United Kingdom
576588,23167,SMALL CERAMIC TOP STORAGE JAR ,2,2011-11-15 14:27:00,0.83,,United Kingdom
519609,71477,COLOUR GLASS. STAR T-LIGHT HOLDER,2,2010-08-18 16:39:00,3.25,17585.0,United Kingdom
489791,84802B,PURPLE ANEMONE ARTIFICIAL FLOWER,3,2009-12-02 12:06:00,1.69,15542.0,United Kingdom
520998,21832,CHOCOLATE CALCULATOR,1,2010-09-01 13:39:00,3.36,,United Kingdom
536592,84879,ASSORTED COLOUR BIRD ORNAMENT,8,2010-12-01 17:06:00,3.19,,United Kingdom
574707,22110,BIRD HOUSE HOT WATER BOTTLE,1,2011-11-06 14:08:00,2.55,17107.0,United Kingdom
514126,84536A,ENGLISH ROSE NOTEBOOK A7 SIZE,4,2010-06-30 13:03:00,0.42,17602.0,United Kingdom
580750,22965,3 TRADITIONAl BISCUIT CUTTERS  SET,6,2011-12-06 09:56:00,2.1,12749.0,United Kingdom
545216,35915B,BLUE KNITTED HEN ,6,2011-02-28 16:50:00,0.83,,United Kingdom
491951,21188,3D HEARTS  HONEYCOMB PAPER GARLAND,8,2009-12-14 15:51:00,2.95,13206.0,United Kingdom
563944,23199,JUMBO BAG APPLES,30,2011-08-22 10:08:00,2.08,17581.0,United Kingdom
519358,21527,RED RETROSPOT TRADITIONAL TEAPOT ,1,2010-08-16 12:36:00,16.98,,United Kingdom
513965,22361,GLASS JAR DAISY FRESH COTTON WOOL,4,2010-06-29 15:28:00,2.95,12380.0,Belgium
515759,22431,WATERING CAN BLUE ELEPHANT,1,2010-07-14 13:37:00,4.21,,United Kingdom
534800,21448,12 DAISY PEGS IN WOOD BOX,4,2010-11-24 12:04:00,1.65,17019.0,United Kingdom
517909,72760B,VINTAGE CREAM 3 BASKET CAKE STAND,2,2010-08-03 10:26:00,9.95,18260.0,United Kingdom
520522,21770,OPEN CLOSED METAL SIGN,1,2010-08-26 14:13:00,4.95,14482.0,United Kingdom
567183,22408,MONEY BOX CONFECTIONERY DESIGN,2,2011-09-18 15:32:00,1.25,14769.0,United Kingdom
545937,22974,CHILDRENS DOLLY GIRL MUG,12,2011-03-08 12:05:00,1.65,12758.0,Portugal
554666,22386,JUMBO BAG PINK POLKADOT,20,2011-05-25 14:54:00,2.08,13599.0,United Kingdom
536975,22845,VINTAGE CREAM CAT FOOD CONTAINER,4,2010-12-03 14:04:00,6.35,14911.0,EIRE
520537,84978,HANGING HEART JAR T-LIGHT HOLDER,6,2010-08-26 15:47:00,1.25,17576.0,United Kingdom
574655,23489,VINTAGE BELLS GARLAND,3,2011-11-06 11:35:00,2.89,16466.0,United Kingdom
535449,22035,VINTAGE CARAVAN GREETING CARD ,12,2010-11-26 12:50:00,0.42,17516.0,United Kingdom
576339,21028,NINJA RABBIT BLACK,2,2011-11-14 15:27:00,2.46,14096.0,United Kingdom
571713,23637,SET 10 CARDS OUT OF ORDER 17216,1,2011-10-18 16:58:00,2.49,,United Kingdom
545911,21981,PACK OF 12 WOODLAND TISSUES ,432,2011-03-08 10:12:00,0.21,17940.0,United Kingdom
537456,22469,HEART OF WICKER SMALL,402,2010-12-07 09:43:00,1.93,17450.0,United Kingdom
566200,82581,TOILET METAL SIGN,1,2011-09-09 14:14:00,0.55,16910.0,United Kingdom
570693,23469,CARD HOLDER LOVE BIRD SMALL,2,2011-10-11 16:50:00,4.15,16161.0,United Kingdom
572309,22632,HAND WARMER RED RETROSPOT,4,2011-10-23 15:29:00,2.1,14432.0,United Kingdom
531252,22067,CHOC TRUFFLE GOLD TRINKET POT ,2,2010-11-07 11:11:00,1.65,16206.0,United Kingdom
539103,22775,PURPLE DRAWERKNOB ACRYLIC EDWARDIAN,12,2010-12-16 10:38:00,1.25,16985.0,United Kingdom
537692,82583,HOT BATHS METAL SIGN,8,2010-12-08 10:40:00,2.1,14796.0,United Kingdom
563205,23005,TRAVEL CARD WALLET I LOVE LONDON,24,2011-08-14 12:03:00,0.42,14040.0,United Kingdom
563176,22377,BOTTLE BAG RETROSPOT ,3,2011-08-12 14:02:00,2.1,17293.0,United Kingdom
495504,21874,GIN AND TONIC MUG,4,2010-01-25 13:14:00,1.25,16795.0,United Kingdom
526140,21122,SET/10 PINK SPOTTY PARTY CANDLES,24,2010-10-08 14:40:00,1.25,14665.0,United Kingdom
507397,22374,AIRLINE BAG VINTAGE JET SET RED,2,2010-05-09 13:07:00,6.35,13491.0,United Kingdom
559817,23227,FILIGREE HEART BUTTERFLY WHITE ,2,2011-07-12 16:20:00,2.46,,United Kingdom
531690,22380,TOY TIDY SPACEBOY  ,1,2010-11-09 11:49:00,5.06,,United Kingdom
516470,21669,BLUE STRIPE CERAMIC DRAWER KNOB,2,2010-07-20 15:28:00,2.51,,United Kingdom
560716,23008,DOLLY GIRL BABY GIFT SET,2,2011-07-20 13:26:00,16.95,17675.0,United Kingdom
491011,22146,EASTER CRAFT IVY WREATH WITH CHICK,6,2009-12-08 18:18:00,1.95,16210.0,United Kingdom
545717,35004B,SET OF 3 BLACK FLYING DUCKS,1,2011-03-07 10:15:00,12.46,,United Kingdom
581495,15056BL,EDWARDIAN PARASOL BLACK,36,2011-12-09 10:20:00,5.95,14051.0,United Kingdom
578243,22865,HAND WARMER OWL DESIGN,24,2011-11-23 12:33:00,2.1,13448.0,United Kingdom
537772,21212,PACK OF 72 RETROSPOT CAKE CASES,2,2010-12-08 12:35:00,0.55,18043.0,United Kingdom
507698,37495,FAIRY CAKE BIRTHDAY CANDLE SET,4,2010-05-11 10:45:00,3.75,14426.0,United Kingdom
546079,21915,RED  HARMONICA IN BOX ,2,2011-03-09 11:05:00,1.25,14534.0,United Kingdom
516138,22178,VICTORIAN GLASS HANGING T-LIGHT,12,2010-07-16 16:10:00,1.25,16670.0,United Kingdom
541845,22926,IVORY GIANT GARDEN THERMOMETER,1,2011-01-23 12:41:00,5.95,15167.0,United Kingdom
492435,20814,SILVER FINCH DECORATION,2,2009-12-17 10:20:00,1.25,15863.0,United Kingdom
511287,21110,LARGE CAKE TOWEL PINK SPOTS,2,2010-06-07 14:47:00,6.75,14514.0,United Kingdom
537694,22965,3 TRADITIONAl BISCUIT CUTTERS  SET,2,2010-12-08 10:46:00,2.1,14901.0,United Kingdom
573576,20757,RED DAISY POCKET BOOK ,1,2011-10-31 14:09:00,1.63,14096.0,United Kingdom
536592,90161A,ANT COPPER RED BOUDICCA BRACELET,1,2010-12-01 17:06:00,5.09,,United Kingdom
514722,22501,PICNIC BASKET WICKER LARGE,3,2010-07-05 16:59:00,9.95,17589.0,United Kingdom
534832,21527,RED RETROSPOT TRADITIONAL TEAPOT ,2,2010-11-24 13:03:00,7.95,15279.0,United Kingdom
490953,21774,DECORATIVE CATS BATHROOM BOTTLE,12,2009-12-08 14:56:00,1.25,13204.0,United Kingdom
514923,21215,IVORY PAPER CUP CAKE CASES ,5,2010-07-07 11:19:00,1.28,,United Kingdom
533102,22554,PLASTERS IN TIN WOODLAND ANIMALS,1,2010-11-16 11:35:00,1.65,17897.0,United Kingdom
525167,22449,SILK PURSE BABUSHKA PINK,6,2010-10-04 12:14:00,3.35,12486.0,Sweden
501923,22371,AIRLINE BAG VINTAGE TOKYO 78,2,2010-03-22 10:31:00,6.35,13482.0,United Kingdom
532606,84029G,KNITTED UNION FLAG HOT WATER BOTTLE,3,2010-11-12 15:03:00,3.75,16010.0,United Kingdom
572297,23456,MEDIUM PARLOUR PICTURE FRAME ,2,2011-10-23 14:30:00,4.15,15953.0,United Kingdom
567454,22562,MONSTERS STENCIL CRAFT,12,2011-09-20 12:12:00,1.25,15839.0,United Kingdom
514335,84674,FLYING PIG WATERING CAN,1,2010-07-01 14:36:00,2.95,13439.0,United Kingdom
503809,22024,RAINY LADIES BIRTHDAY CARD,72,2010-04-07 14:14:00,0.36,15061.0,United Kingdom
579196,84988,SET OF 72 PINK HEART PAPER DOILIES,1,2011-11-28 15:54:00,2.92,14096.0,United Kingdom
497362,22367,CHILDS APRON SPACEBOY DESIGN,50,2010-02-09 09:19:00,1.65,14160.0,United Kingdom
536876,85049A,TRADITIONAL CHRISTMAS RIBBONS,1,2010-12-03 11:36:00,2.51,,United Kingdom
527520,21754,HOME BUILDING BLOCK WORD,2,2010-10-18 13:18:00,11.87,,United Kingdom
492807,21812,GARLAND WITH HEARTS AND BELLS,6,2009-12-20 12:29:00,4.95,17211.0,United Kingdom
534185,21791,VINTAGE HEADS AND TAILS CARD GAME ,1,2010-11-21 14:04:00,1.25,16726.0,United Kingdom
504217,22499,WOODEN UNION JACK BUNTING,3,2010-04-12 12:50:00,5.95,14844.0,United Kingdom
566226,21181,PLEASE ONE PERSON METAL SIGN,12,2011-09-11 10:39:00,2.1,15605.0,United Kingdom
573585,21650,ASSORTED TUTTI FRUTTI BRACELET,17,2011-10-31 14:41:00,0.83,,United Kingdom
518508,22472,TV DINNER TRAY DOLLY GIRL,3,2010-08-09 14:26:00,4.95,12412.0,Denmark
533357,20878,SET/9 CHRISTMAS T-LIGHTS SCENTED ,12,2010-11-17 10:06:00,1.25,16206.0,United Kingdom
534455,20754,RETROSPOT RED WASHING UP GLOVES,3,2010-11-22 17:33:00,2.1,13546.0,United Kingdom
571797,23198,PANTRY MAGNETIC  SHOPPING LIST,1,2011-10-19 11:41:00,3.29,,United Kingdom
520825,21914,BLUE HARMONICA IN BOX ,2,2010-08-31 12:35:00,1.25,14433.0,United Kingdom
543096,22833,HALL CABINET WITH 3 DRAWERS,1,2011-02-03 11:39:00,49.95,14044.0,United Kingdom
566487,22090,PAPER BUNTING RETROSPOT,40,2011-09-13 10:03:00,2.55,16422.0,United Kingdom
570000,22720,SET OF 3 CAKE TINS PANTRY DESIGN ,3,2011-10-07 08:55:00,4.95,12420.0,Cyprus
502637,22115,METAL SIGN EMPIRE TEA,2,2010-03-25 16:29:00,2.95,15768.0,United Kingdom
525335,79144C,PAINTED LIGHTBULB RAINBOW DESIGN,24,2010-10-05 11:24:00,0.37,14298.0,United Kingdom
532063,35965,FOLKART HEART NAPKIN RINGS,2,2010-11-10 14:48:00,3.36,,United Kingdom
501919,20886,BOX OF 9 PEBBLE CANDLES,6,2010-03-22 10:21:00,1.95,13148.0,United Kingdom
527892,22952,60 CAKE CASES VINTAGE CHRISTMAS,9,2010-10-19 12:17:00,0.55,14585.0,United Kingdom
577601,23582,VINTAGE DOILY JUMBO BAG RED ,20,2011-11-21 08:31:00,2.08,17675.0,United Kingdom
503143,84212,"ASSORTED FLOWER COLOUR ""LEIS""",48,2010-03-30 12:07:00,0.65,15874.0,United Kingdom
542401,22619,SET OF 6 SOLDIER SKITTLES,1,2011-01-27 15:51:00,3.75,14541.0,United Kingdom
521871,22470,HEART OF WICKER LARGE,3,2010-09-09 11:20:00,2.95,16972.0,United Kingdom
493395,22098,BOUDOIR SQUARE TISSUE BOX,12,2009-12-23 13:41:00,1.25,12539.0,Spain
562933,23071,MARIE ANTOINETTE TRINKET BOX GOLD,1,2011-08-10 16:51:00,12.5,,United Kingdom
558372,21523,DOORMAT FANCY FONT HOME SWEET HOME,2,2011-06-28 15:47:00,7.95,16200.0,United Kingdom
576617,22187,GREEN CHRISTMAS TREE CARD HOLDER,1,2011-11-15 16:57:00,8.29,,United Kingdom
566914,23182,TOILET SIGN OCCUPIED OR VACANT,9,2011-09-15 14:08:00,0.83,15466.0,United Kingdom
525221,22095,LADS ONLY TISSUE BOX,1,2010-10-04 12:51:00,2.51,,United Kingdom
528944,21537,RED RETROSPOT PUDDING BOWL,6,2010-10-25 15:36:00,4.25,15142.0,United Kingdom
560891,22094,RED RETROSPOT TISSUE BOX,36,2011-07-21 17:02:00,0.39,15106.0,United Kingdom
567817,22385,JUMBO BAG SPACEBOY DESIGN,4,2011-09-22 12:41:00,2.08,15005.0,United Kingdom
556429,82482,WOODEN PICTURE FRAME WHITE FINISH,1,2011-06-10 13:23:00,4.96,,United Kingdom
549977,22730,ALARM CLOCK BAKELIKE IVORY,2,2011-04-13 14:54:00,3.75,14810.0,United Kingdom
522733,82483,WOOD 2 DRAWER CABINET WHITE FINISH,4,2010-09-16 12:51:00,5.95,17588.0,United Kingdom
524982,21648,ASSORTED TUTTI FRUTTI SMALL PURSE,4,2010-10-01 15:28:00,1.25,12926.0,United Kingdom
558685,22795,SWEETHEART RECIPE BOOK STAND,2,2011-07-01 11:32:00,6.75,17706.0,United Kingdom
526638,21484,CHICK GREY HOT WATER BOTTLE,1,2010-10-12 13:19:00,7.62,,United Kingdom
577057,23433,HANGING QUILTED PATCHWORK APPLES,1,2011-11-17 14:26:00,0.83,12748.0,United Kingdom
498780,21718,RED METAL BEACH SPADE ,6,2010-02-23 10:50:00,2.51,,United Kingdom
495389,20702,PINK PADDED MOBILE,1,2010-01-24 15:14:00,4.25,14044.0,United Kingdom
537618,22453,MEASURING TAPE BABUSHKA BLUE,12,2010-12-07 13:50:00,2.55,15061.0,United Kingdom
570125,22951,60 CAKE CASES DOLLY GIRL DESIGN,24,2011-10-07 13:14:00,0.55,17509.0,United Kingdom
576618,22419,LIPSTICK PEN RED,9,2011-11-15 17:00:00,0.83,,United Kingdom
516790,84352,SILVER CHRISTMAS TREE BAUBLE STAND ,1,2010-07-23 10:35:00,16.95,17963.0,United Kingdom
552847,90123A,PINK HEART OF GLASS BRACELET,1,2011-05-11 14:42:00,5.95,14649.0,United Kingdom
568060,22077,6 RIBBONS RUSTIC CHARM,3,2011-09-23 13:11:00,1.95,14546.0,United Kingdom
556108,22173,METAL 4 HOOK HANGER FRENCH CHATEAU,1,2011-06-08 17:59:00,5.79,,United Kingdom
567671,23393,HOME SWEET HOME CUSHION COVER ,1,2011-09-21 15:34:00,10.79,,United Kingdom
503606,22355,"CHARLOTTE BAG , SUKI DESIGN",20,2010-04-06 09:56:00,0.85,17416.0,United Kingdom
535993,22152,PLACE SETTING WHITE STAR,24,2010-11-29 13:42:00,0.42,12870.0,United Kingdom
561901,22961,JAM MAKING SET PRINTED,288,2011-07-31 15:42:00,1.45,14156.0,EIRE
527354,22788,BROCANTE COAT RACK,200,2010-10-17 09:54:00,6.78,18102.0,United Kingdom
576097,21891,TRADITIONAL WOODEN SKIPPING ROPE,12,2011-11-14 09:21:00,1.45,14494.0,United Kingdom
572058,23398,HANGING HEART BONHEUR,4,2011-10-20 12:43:00,0.85,18252.0,United Kingdom
511434,21989,PACK OF 20 SKULL PAPER NAPKINS,1,2010-06-08 11:50:00,0.85,17201.0,United Kingdom
547623,22779,WOODEN OWLS LIGHT GARLAND ,4,2011-03-24 11:29:00,4.25,15641.0,United Kingdom
511637,20676,RED SPOTTY BOWL,8,2010-06-09 13:04:00,1.25,15298.0,United Kingdom
506388,22076,6 RIBBONS EMPIRE  ,2,2010-04-29 12:51:00,1.65,16383.0,United Kingdom
576329,22621,TRADITIONAL KNITTING NANCY,1,2011-11-14 15:22:00,3.29,,United Kingdom
492776,22033,BOTANICAL ROSE GREETING CARD,12,2009-12-18 16:04:00,0.42,15326.0,United Kingdom
568301,23301,GARDENERS KNEELING PAD KEEP CALM ,2,2011-09-26 12:45:00,1.65,16383.0,United Kingdom
528329,21098,CHRISTMAS TOILET ROLL,14,2010-10-21 13:23:00,1.25,13891.0,United Kingdom
513791,84912B,GREEN ROSE WASHBAG,2,2010-06-28 15:29:00,3.75,18036.0,United Kingdom
571716,21900,"KEY FOB , SHED",1,2011-10-18 17:05:00,1.63,,United Kingdom
567804,23434,3 RAFFIA RIBBONS 50'S CHRISTMAS ,10,2011-09-22 12:13:00,0.79,17920.0,United Kingdom
526897,22910,PAPER CHAIN KIT VINTAGE CHRISTMAS,6,2010-10-13 14:57:00,2.95,13663.0,United Kingdom
519687,21495,SKULLS AND CROSSBONES WRAP,25,2010-08-19 13:04:00,0.42,14112.0,United Kingdom
541695,22815,CARD PSYCHEDELIC APPLES,1,2011-01-20 18:01:00,0.83,,United Kingdom
505941,82552,WASHROOM METAL SIGN,12,2010-04-26 14:57:00,1.25,16858.0,United Kingdom
514723,21933,PINK VINTAGE PAISLEY PICNIC BAG,3,2010-07-05 17:28:00,2.95,14818.0,United Kingdom
559549,22460,EMBOSSED GLASS TEALIGHT HOLDER,2,2011-07-10 15:25:00,1.25,13230.0,United Kingdom
491966,21077,SET/20 WOODLAND PAPER NAPKINS ,3,2009-12-14 17:16:00,1.7,,United Kingdom
537391,22966,GINGERBREAD MAN COOKIE CUTTER,8,2010-12-06 13:53:00,1.25,16550.0,United Kingdom
531368,20685,DOORMAT RED RETROSPOT,1,2010-11-07 15:00:00,7.95,16899.0,United Kingdom
501789,21757,LIGHTHOUSE PRINTED METAL SIGN,2,2010-03-19 13:01:00,4.95,15768.0,United Kingdom
524184,21651,HANGING GLASS ETCHED TEALIGHT,6,2010-09-27 17:15:00,1.65,14030.0,United Kingdom
544556,22443,GROW YOUR OWN HERBS SET OF 3,2,2011-02-21 12:29:00,7.95,13477.0,United Kingdom
578302,23407,SET OF 2 TRAYS HOME SWEET HOME,2,2011-11-23 15:23:00,9.95,16057.0,United Kingdom
568060,16237,SLEEPING CAT ERASERS,6,2011-09-23 13:11:00,0.21,14546.0,United Kingdom
522817,22265,EASTER DECORATION NATURAL CHICK,8,2010-09-16 19:43:00,0.65,13208.0,United Kingdom
556823,85123a,WHITE HANGING HEART T-LIGHT HOLDER,1,2011-06-15 10:24:00,6.63,,United Kingdom
493442,20751,FUNKY WASHING UP GLOVES ASSORTED,1,2010-01-04 13:36:00,2.1,13821.0,United Kingdom
537354,22144,CHRISTMAS CRAFT LITTLE FRIENDS,3,2010-12-06 12:23:00,2.1,12748.0,United Kingdom
526717,22707,WRAP MONSTER FUN ,25,2010-10-12 16:51:00,0.42,12605.0,Germany
573362,23150,IVORY SWEETHEART SOAP DISH,6,2011-10-30 13:06:00,2.49,12597.0,Spain
520875,22080,RIBBON REEL SPOTS DESIGN ,15,2010-08-31 15:17:00,1.65,16098.0,United Kingdom
502915,21872,GLAMOROUS  MUG,3,2010-03-29 13:36:00,1.25,17920.0,United Kingdom
529845,21352,EUCALYPTUS & PINECONE  WREATH,4,2010-10-31 13:12:00,6.75,14040.0,United Kingdom
527514,85049D,BRIGHT BLUES RIBBONS ,2,2010-10-18 12:58:00,1.25,16017.0,United Kingdom
566564,17012F,ORIGAMI SANDLEWOOD INCENSE/CAND SET,6,2011-09-13 12:26:00,0.85,15522.0,United Kingdom
541406,22249,DECORATION WHITE CHICK MAGIC GARDEN,3,2011-01-17 15:19:00,0.85,14657.0,United Kingdom
526508,22812,PACK 3 BOXES CHRISTMAS PANNETONE,12,2010-10-12 10:44:00,1.95,16039.0,United Kingdom
534856,22144,CHRISTMAS CRAFT LITTLE FRIENDS,12,2010-11-24 13:53:00,2.1,14868.0,United Kingdom
531574,22910,PAPER CHAIN KIT VINTAGE CHRISTMAS,80,2010-11-09 10:44:00,2.55,12913.0,United Kingdom
546117,22189,CREAM HEART CARD HOLDER,6,2011-03-09 13:56:00,3.95,16771.0,United Kingdom
531395,21931,JUMBO STORAGE BAG SUKI,20,2010-11-08 10:07:00,1.95,12435.0,Denmark
492525,85036C,ROSE 1 WICK MORRIS BOXED CANDLE,2,2009-12-17 12:32:00,4.25,12748.0,United Kingdom
498441,15056N,EDWARDIAN PARASOL NATURAL,1,2010-02-19 09:37:00,12.72,,United Kingdom
564755,85039A,SET/4 RED MINI ROSE CANDLE IN BOWL,5,2011-08-30 10:31:00,1.63,,United Kingdom
495393,22261,FELT EGG COSY WHITE RABBIT ,1,2010-01-24 15:42:00,0.85,15483.0,United Kingdom
567613,22908,PACK OF 20 NAPKINS RED APPLES,12,2011-09-21 11:49:00,0.85,13908.0,United Kingdom
499387,20726,LUNCH BAG WOODLAND,20,2010-02-26 12:41:00,1.65,14680.0,United Kingdom
565611,22910,PAPER CHAIN KIT VINTAGE CHRISTMAS,12,2011-09-05 14:57:00,2.95,14849.0,United Kingdom
493759,84968D,S/16 VINTAGE RED CUTLERY,1,2010-01-06 13:56:00,12.75,17965.0,United Kingdom
543810,21534,DAIRY MAID LARGE MILK JUG,1,2011-02-13 14:16:00,4.95,13171.0,United Kingdom
574544,22896,PEG BAG APPLES DESIGN,6,2011-11-04 14:49:00,2.55,17084.0,United Kingdom
495176,84991,60 TEATIME FAIRY CAKE CASES,12,2010-01-21 13:21:00,0.55,13623.0,United Kingdom
565119,20726,LUNCH BAG WOODLAND,10,2011-09-01 11:38:00,1.65,16722.0,United Kingdom
573585,21823,PAINTED METAL HEART WITH HOLLY BELL,4,2011-10-31 14:41:00,0.83,,United Kingdom
503353,85150,LADIES & GENTLEMEN METAL SIGN,1,2010-03-31 13:39:00,2.55,15311.0,United Kingdom
528648,20973,12 PENCIL SMALL TUBE WOODLAND,1,2010-10-24 12:39:00,0.65,16445.0,United Kingdom
491970,84692,BOX OF 24 COCKTAIL PARASOLS,2,2009-12-14 18:03:00,0.83,,United Kingdom
516325,22385,JUMBO BAG SPACEBOY DESIGN,10,2010-07-19 15:41:00,1.95,17651.0,United Kingdom
527380,22245,"HOOK, 1 HANGER ,MAGIC GARDEN",1,2010-10-17 12:52:00,0.85,14953.0,United Kingdom
490538,82483,WOOD 2 DRAWER CABINET WHITE FINISH,6,2009-12-07 09:14:00,4.95,17850.0,United Kingdom
541660,82482,WOODEN PICTURE FRAME WHITE FINISH,6,2011-01-20 12:20:00,2.55,17787.0,United Kingdom
546850,22674,FRENCH TOILET SIGN BLUE METAL,5,2011-03-17 13:20:00,1.25,13268.0,United Kingdom
559372,22617,BAKING SET SPACEBOY DESIGN,3,2011-07-08 10:23:00,4.95,12461.0,Switzerland
528139,47556B,TEA TIME TEA TOWELS ,1,2010-10-20 15:25:00,2.95,16372.0,United Kingdom
490470,85099C,JUMBO  BAG BAROQUE BLACK WHITE,1,2009-12-06 12:26:00,1.95,16395.0,United Kingdom
528968,85132A,CHARLIE + LOLA BISCUITS TINS,24,2010-10-26 10:22:00,1.95,14298.0,United Kingdom
494011,90200D,PINK SWEETHEART BRACELET,1,2010-01-11 09:30:00,4.33,,United Kingdom
558876,21929,JUMBO BAG PINK VINTAGE PAISLEY,2,2011-07-04 13:36:00,2.08,17841.0,United Kingdom
492418,21070,VINTAGE BILLBOARD MUG ,6,2009-12-16 17:27:00,1.25,15498.0,United Kingdom
505202,17003,BROCADE RING PURSE ,5,2010-04-20 16:21:00,0.43,,United Kingdom
567478,22627,MINT KITCHEN SCALES,2,2011-09-20 13:21:00,8.5,12584.0,Italy
541240,21355,TOAST ITS - I LOVE YOU ,3,2011-01-16 11:07:00,1.25,16206.0,United Kingdom
572092,22909,SET OF 20 VINTAGE CHRISTMAS NAPKINS,1,2011-10-20 14:41:00,0.85,17125.0,United Kingdom
536856,22623,BOX OF VINTAGE JIGSAW BLOCKS ,6,2010-12-03 10:26:00,4.95,13370.0,United Kingdom
513171,22423,REGENCY CAKESTAND 3 TIER,4,2010-06-22 12:14:00,12.75,13097.0,United Kingdom
549316,21558,SKULL LUNCH BOX WITH CUTLERY ,6,2011-04-08 09:54:00,2.55,12705.0,Germany
559861,22033,BOTANICAL ROSE GREETING CARD,48,2011-07-13 10:27:00,0.42,15895.0,United Kingdom
536031,22592,CARDHOLDER HOLLY WREATH METAL,1,2010-11-29 16:45:00,7.62,,United Kingdom
550995,22332,SKULLS PARTY BAG + STICKER SET,8,2011-04-26 08:33:00,1.65,16722.0,United Kingdom
542109,20727,LUNCH BAG  BLACK SKULL.,5,2011-01-25 13:44:00,4.96,,United Kingdom
548860,22997,TRAVEL CARD WALLET UNION JACK,1,2011-04-04 13:38:00,0.42,13263.0,United Kingdom
492176,35271S,GOLD PRINT PAPER BAG,1,2009-12-15 15:21:00,0.19,17841.0,United Kingdom
561882,22948,METAL DECORATION NAUGHTY CHILDREN ,24,2011-07-31 12:52:00,0.85,13388.0,United Kingdom
548194,22115,METAL SIGN EMPIRE TEA,1,2011-03-29 15:30:00,5.79,,United Kingdom
549569,18094C,WHITE AND BLUE CERAMIC OIL BURNER,6,2011-04-10 15:15:00,1.25,15547.0,United Kingdom
500150,22326,ROUND SNACK BOXES SET OF4 WOODLAND ,6,2010-03-04 17:42:00,2.95,14769.0,United Kingdom
518578,21929,JUMBO BAG PINK VINTAGE PAISLEY,10,2010-08-10 12:06:00,1.95,17063.0,United Kingdom
513099,21452,TOADSTOOL MONEY BOX,1,2010-06-21 15:13:00,5.91,,United Kingdom
506579,84997C,BLUE 3 PIECE MINI DOTS CUTLERY SET,18,2010-04-30 14:01:00,3.75,12374.0,Austria
559052,21172,PARTY METAL SIGN ,1,2011-07-05 16:53:00,4.13,,United Kingdom
498725,84997C,BLUE 3 PIECE MINI DOTS CUTLERY SET,2,2010-02-22 15:12:00,3.75,14667.0,United Kingdom
565207,22470,HEART OF WICKER LARGE,6,2011-09-01 16:46:00,2.95,16764.0,United Kingdom
490149,84762B,PINK PICNIC BARBECUE BUCKET,1,2009-12-04 09:43:00,8.65,,United Kingdom
569246,22731,3D CHRISTMAS STAMPS STICKERS ,3,2011-10-03 09:57:00,2.46,14096.0,United Kingdom
537144,21900,"KEY FOB , SHED",2,2010-12-05 13:00:00,0.65,15880.0,United Kingdom
505709,21871,SAVE THE PLANET MUG,6,2010-04-25 12:34:00,1.25,13050.0,United Kingdom
542344,21509,COWBOYS AND INDIANS BIRTHDAY CARD ,2,2011-01-27 11:30:00,0.83,,United Kingdom
499918,21621,VINTAGE UNION JACK BUNTING,6,2010-03-03 12:16:00,8.5,13097.0,United Kingdom
552817,22386,JUMBO BAG PINK POLKADOT,10,2011-05-11 12:47:00,2.08,13136.0,United Kingdom
521476,84660B,BLACK STITCHED WALL CLOCK,1,2010-09-06 12:43:00,3.75,14527.0,United Kingdom
536521,22854,CREAM SWEETHEART EGG HOLDER,1,2010-12-01 12:48:00,4.95,12748.0,United Kingdom
513189,21035,SET/2 RED SPOTTY TEA TOWELS ,12,2010-06-22 14:19:00,2.95,16105.0,United Kingdom
563210,21534,DAIRY MAID LARGE MILK JUG,10,2011-08-14 12:27:00,4.95,16466.0,United Kingdom
506434,84789,ENCHANTED BIRD PLANT CAGE,3,2010-04-29 15:34:00,3.75,13173.0,United Kingdom
506120,21703,BAG 125g SWIRLY MARBLES,12,2010-04-27 14:10:00,0.42,16170.0,United Kingdom
496086,21947,SET OF 6 HEART CHOPSTICKS,4,2010-01-28 19:41:00,1.25,15861.0,United Kingdom
525252,20685,DOORMAT RED RETROSPOT,4,2010-10-04 15:01:00,7.95,14239.0,United Kingdom
558772,21156,RETROSPOT CHILDRENS APRON,2,2011-07-03 16:00:00,1.95,15007.0,United Kingdom
516430,22431,WATERING CAN BLUE ELEPHANT,12,2010-07-20 11:47:00,1.95,17511.0,United Kingdom
538533,22059,CERAMIC STRAWBERRY DESIGN MUG,9,2010-12-13 10:31:00,1.49,14796.0,United Kingdom
517625,22550,HOLIDAY FUN LUDO,1,2010-07-30 11:59:00,3.75,16391.0,United Kingdom
500902,22029,SPACEBOY BIRTHDAY CARD,36,2010-03-11 10:07:00,0.42,13093.0,United Kingdom
532063,20713,JUMBO BAG OWLS,1,2010-11-10 14:48:00,4.21,,United Kingdom
520173,11001,ASSTD DESIGN RACING CAR PEN,128,2010-08-24 13:20:00,1.69,12931.0,United Kingdom
550321,22521,CHILDS GARDEN TROWEL PINK,2,2011-04-17 12:49:00,0.85,16770.0,United Kingdom
574312,22121,NOEL WOODEN BLOCK LETTERS ,1,2011-11-03 17:39:00,5.95,17221.0,United Kingdom
538071,21915,RED  HARMONICA IN BOX ,2,2010-12-09 14:09:00,2.51,,United Kingdom
509748,22523,CHILDS GARDEN FORK PINK,12,2010-05-25 13:51:00,0.85,15217.0,United Kingdom
537153,21918,SET 12 KIDS COLOUR  CHALK STICKS,17,2010-12-05 13:03:00,0.42,16718.0,United Kingdom
569246,22139,RETROSPOT TEA SET CERAMIC 11 PC ,5,2011-10-03 09:57:00,10.79,14096.0,United Kingdom
537370,22907,PACK OF 20 NAPKINS PANTRY DESIGN,1,2010-12-06 12:44:00,0.85,13155.0,United Kingdom
534714,84029E,RED WOOLLY HOTTIE WHITE HEART.,2,2010-11-23 17:31:00,3.75,15965.0,United Kingdom
580062,23319,BOX OF 6 MINI 50'S CRACKERS,3,2011-12-01 13:28:00,2.49,15862.0,United Kingdom
578506,22961,JAM MAKING SET PRINTED,3,2011-11-24 13:01:00,1.45,17458.0,United Kingdom
540976,22394,PAPERWEIGHT KINGS CHOICE ,12,2011-01-12 15:00:00,0.85,12652.0,France
497791,21169,YOU'RE CONFUSING ME METAL SIGN ,2,2010-02-12 12:21:00,1.69,16713.0,United Kingdom
492234,85099B,JUMBO BAG RED WHITE SPOTTY ,30,2009-12-15 19:05:00,1.95,15394.0,United Kingdom
565541,23399,HOME SWEET HOME HANGING HEART,2,2011-09-05 12:00:00,0.85,14159.0,United Kingdom
544677,22583,PACK OF 6 HANDBAG GIFT BOXES,1,2011-02-22 16:13:00,2.55,18196.0,United Kingdom
497602,37449,CERAMIC CAKE STAND + HANGING CAKES,2,2010-02-11 10:25:00,9.95,15765.0,United Kingdom
560033,84978,HANGING HEART JAR T-LIGHT HOLDER,12,2011-07-14 13:28:00,1.25,12388.0,Australia
569414,22726,ALARM CLOCK BAKELIKE GREEN,18,2011-10-04 10:11:00,8.29,,United Kingdom
510744,84991,60 TEATIME FAIRY CAKE CASES,24,2010-06-03 12:34:00,0.55,14911.0,EIRE
505695,84880,WHITE WIRE EGG HOLDER,3,2010-04-25 10:34:00,5.95,16585.0,United Kingdom
516494,22515,CHILDS GARDEN SPADE PINK,1,2010-07-21 10:42:00,2.1,13048.0,United Kingdom
541995,22138,BAKING SET 9 PIECE RETROSPOT ,3,2011-01-25 09:58:00,4.95,13158.0,United Kingdom
545996,21972,SET OF 36 DINOSAUR PAPER DOILIES,1,2011-03-08 14:12:00,1.45,14367.0,United Kingdom
575631,21790,VINTAGE SNAP CARDS,1,2011-11-10 13:41:00,0.85,15184.0,United Kingdom
560782,23244,ROUND STORAGE TIN VINTAGE LEAF,6,2011-07-21 10:10:00,1.95,14769.0,United Kingdom
537179,22697,GREEN REGENCY TEACUP AND SAUCER,8,2010-12-05 13:29:00,2.95,13767.0,United Kingdom
536876,22473,TV DINNER TRAY VINTAGE PAISLEY,1,2010-12-03 11:36:00,11.02,,United Kingdom
543250,21408,SPOTTY PINK DUCK DOORSTOP,3,2011-02-04 14:46:00,4.25,13911.0,United Kingdom
559338,22682,FRENCH BLUE METAL DOOR SIGN 7,1,2011-07-07 16:30:00,2.46,,United Kingdom
562688,22774,RED DRAWER KNOB ACRYLIC EDWARDIAN,4,2011-08-08 13:53:00,1.25,13869.0,United Kingdom
496551,84457,SET/3 RABBITS FLOWER SKIPPPING ROPE,5,2010-02-02 13:13:00,0.85,13975.0,United Kingdom
550500,21668,RED STRIPE CERAMIC DRAWER KNOB,1,2011-04-18 15:26:00,3.29,,United Kingdom
505083,84932D,SMALL ORIENTAL RED FOLDING STOOL,8,2010-04-20 09:56:00,1.95,12623.0,Germany
533836,85123A,WHITE HANGING HEART T-LIGHT HOLDER,32,2010-11-19 10:51:00,2.55,13141.0,United Kingdom
529888,21621,VINTAGE UNION JACK BUNTING,1,2010-10-31 14:06:00,8.5,16595.0,United Kingdom
504142,22362,GLASS JAR PEACOCK BATH SALTS,1,2010-04-11 13:01:00,2.95,13259.0,United Kingdom
573564,20705,MRS ROBOT SOFT TOY,2,2011-10-31 13:58:00,6.95,16127.0,United Kingdom
509425,84050,PINK HEART SHAPE EGG FRYING PAN,6,2010-05-23 13:34:00,1.65,13778.0,United Kingdom
500284,21504,SKULLS GREETING CARD,2,2010-03-05 15:02:00,0.42,,United Kingdom
507029,22551,PLASTERS IN TIN SPACEBOY,12,2010-05-05 14:52:00,1.65,16556.0,United Kingdom
518759,47591D,PINK FAIRY CAKE CHILDRENS APRON,1,2010-08-11 13:38:00,1.95,15005.0,United Kingdom
540551,85169C,EAU DE NIL LOVE BIRD CANDLE,2,2011-01-10 09:43:00,0.85,,United Kingdom
565919,23613,SET 10 XMAS CARDS & BADGES 17070,3,2011-09-07 16:48:00,2.49,,United Kingdom
499472,85063,CREAM SWEETHEART MAGAZINE RACK,1,2010-02-28 12:16:00,16.95,14507.0,United Kingdom
493759,22091,EMPIRE TISSUE BOX,2,2010-01-06 13:56:00,1.25,17965.0,United Kingdom
557636,15060B,FAIRY CAKE DESIGN UMBRELLA,1,2011-06-21 15:41:00,3.75,17841.0,United Kingdom
556048,21591,COSY HOUR CIGAR BOX MATCHES ,24,2011-06-08 13:00:00,1.25,15609.0,United Kingdom
569384,84976,RECTANGULAR SHAPED MIRROR,12,2011-10-03 16:47:00,0.79,15159.0,United Kingdom
581217,22190,LOCAL CAFE MUG,1,2011-12-08 09:20:00,2.46,,United Kingdom
561600,21034,REX CASH+CARRY JUMBO SHOPPER,2,2011-07-28 11:29:00,0.95,15861.0,United Kingdom
529823,21147,JINGLE BELLS TREE DECORATION,4,2010-10-31 11:39:00,2.1,17609.0,United Kingdom
532063,21528,DAIRY MAID TRADITIONAL TEAPOT ,1,2010-11-10 14:48:00,13.57,,United Kingdom
554514,20701,PINK CAT FLORAL CUSHION COVER ,1,2011-05-24 15:58:00,4.13,,United Kingdom
552039,85014A,BLACK/BLUE POLKADOT UMBRELLA,6,2011-05-06 08:10:00,5.95,13081.0,United Kingdom
501960,84406B,CREAM CUPID HEARTS COAT HANGER,8,2010-03-22 12:10:00,3.25,14817.0,United Kingdom
563561,84946,ANTIQUE SILVER T-LIGHT GLASS,288,2011-08-17 14:02:00,1.06,18073.0,United Kingdom
494144,37424,WHITE WITH BLACK CATS MUG,4,2010-01-11 14:35:00,1.66,,United Kingdom
569573,23292,SPACEBOY CHILDRENS CUP,96,2011-10-05 10:11:00,1.05,17511.0,United Kingdom
527471,20867,PINK ROSE FABRIC MIRROR,6,2010-10-18 11:16:00,1.25,14395.0,United Kingdom
574909,21739,COSY SLIPPER SHOES SMALL GREEN,1,2011-11-07 15:40:00,2.95,13673.0,United Kingdom
544474,85230E,STRAWBRY SCENTED VOTIVE CANDLE,24,2011-02-21 09:52:00,0.29,12423.0,Belgium
506261,21746,SMALL RED RETROSPOT WINDMILL,3,2010-04-28 14:45:00,1.25,17605.0,United Kingdom
581164,21155,RED RETROSPOT PEG BAG,6,2011-12-07 14:34:00,2.55,14395.0,United Kingdom
576598,22114,HOT WATER BOTTLE TEA AND SYMPATHY,4,2011-11-15 15:05:00,4.25,13437.0,United Kingdom
566589,20725,LUNCH BAG RED RETROSPOT,10,2011-09-13 14:50:00,1.65,14753.0,United Kingdom
543458,20725,LUNCH BAG RED RETROSPOT,2,2011-02-08 13:28:00,1.65,14587.0,United Kingdom
580613,23349,ROLL WRAP VINTAGE CHRISTMAS,12,2011-12-05 12:03:00,1.25,14759.0,United Kingdom
518752,82486,WOOD S/3 CABINET ANT WHITE FINISH,2,2010-08-11 12:39:00,7.95,17716.0,United Kingdom
521344,84879,ASSORTED COLOUR BIRD ORNAMENT,24,2010-09-03 13:45:00,1.69,16735.0,United Kingdom
579414,23439,HAND WARMER RED LOVE HEART,4,2011-11-29 12:52:00,2.1,14719.0,United Kingdom
507624,21977,PACK OF 60 PINK PAISLEY CAKE CASES,48,2010-05-10 14:34:00,0.55,16873.0,United Kingdom
557560,23173,REGENCY TEAPOT ROSES ,2,2011-06-21 10:37:00,9.95,15329.0,United Kingdom
535585,21769,VINTAGE POST OFFICE CABINET,1,2010-11-26 15:51:00,79.95,18226.0,United Kingdom
500098,21872,GLAMOROUS  MUG,6,2010-03-04 12:32:00,1.25,16771.0,United Kingdom
505337,22195,LARGE HEART MEASURING SPOONS,12,2010-04-21 13:14:00,1.65,12631.0,Finland
523208,22564,ALPHABET STENCIL CRAFT,504,2010-09-21 10:45:00,1.06,17381.0,United Kingdom
